-- phpMyAdmin SQL Dump
-- version 5.2.0
-- https://www.phpmyadmin.net/
--
-- Host: 127.0.0.1
-- Generation Time: Nov 11, 2024 at 01:56 PM
-- Server version: 10.4.27-MariaDB
-- PHP Version: 8.0.25

SET SQL_MODE = "NO_AUTO_VALUE_ON_ZERO";
START TRANSACTION;
SET time_zone = "+00:00";


/*!40101 SET @OLD_CHARACTER_SET_CLIENT=@@CHARACTER_SET_CLIENT */;
/*!40101 SET @OLD_CHARACTER_SET_RESULTS=@@CHARACTER_SET_RESULTS */;
/*!40101 SET @OLD_COLLATION_CONNECTION=@@COLLATION_CONNECTION */;
/*!40101 SET NAMES utf8mb4 */;

--
-- Database: `colorgame`
--

-- --------------------------------------------------------

--
-- Table structure for table `city`
--

CREATE TABLE `city` (
  `id` int(11) NOT NULL,
  `state_id` int(11) NOT NULL,
  `name` text NOT NULL,
  `slug` text NOT NULL,
  `status` int(11) NOT NULL,
  `addeddate` datetime NOT NULL,
  `modifieddate` datetime NOT NULL
) ENGINE=InnoDB DEFAULT CHARSET=utf8 COLLATE=utf8_general_ci;

--
-- Dumping data for table `city`
--

INSERT INTO `city` (`id`, `state_id`, `name`, `slug`, `status`, `addeddate`, `modifieddate`) VALUES
(1, 32, 'North and Middle Andaman', '', 1, '0000-00-00 00:00:00', '0000-00-00 00:00:00'),
(2, 32, 'South Andaman', '', 1, '0000-00-00 00:00:00', '0000-00-00 00:00:00'),
(3, 32, 'Nicobar', '', 1, '0000-00-00 00:00:00', '0000-00-00 00:00:00'),
(4, 1, 'Adilabad', '', 1, '0000-00-00 00:00:00', '0000-00-00 00:00:00'),
(5, 1, 'Anantapur', '', 1, '0000-00-00 00:00:00', '0000-00-00 00:00:00'),
(6, 1, 'Chittoor', '', 1, '0000-00-00 00:00:00', '0000-00-00 00:00:00'),
(7, 1, 'East Godavari', '', 1, '0000-00-00 00:00:00', '0000-00-00 00:00:00'),
(8, 1, 'Guntur', '', 1, '0000-00-00 00:00:00', '0000-00-00 00:00:00'),
(9, 1, 'Hyderabad', '', 1, '0000-00-00 00:00:00', '0000-00-00 00:00:00'),
(10, 1, 'Kadapa', '', 1, '0000-00-00 00:00:00', '0000-00-00 00:00:00'),
(11, 1, 'Karimnagar', '', 1, '0000-00-00 00:00:00', '0000-00-00 00:00:00'),
(12, 1, 'Khammam', '', 1, '0000-00-00 00:00:00', '0000-00-00 00:00:00'),
(13, 1, 'Krishna', '', 1, '0000-00-00 00:00:00', '0000-00-00 00:00:00'),
(14, 1, 'Kurnool', '', 1, '0000-00-00 00:00:00', '0000-00-00 00:00:00'),
(15, 1, 'Mahbubnagar', '', 1, '0000-00-00 00:00:00', '0000-00-00 00:00:00'),
(16, 1, 'Medak', '', 1, '0000-00-00 00:00:00', '0000-00-00 00:00:00'),
(17, 1, 'Nalgonda', '', 1, '0000-00-00 00:00:00', '0000-00-00 00:00:00'),
(18, 1, 'Nellore', '', 1, '0000-00-00 00:00:00', '0000-00-00 00:00:00'),
(19, 1, 'Nizamabad', '', 1, '0000-00-00 00:00:00', '0000-00-00 00:00:00'),
(20, 1, 'Prakasam', '', 1, '0000-00-00 00:00:00', '0000-00-00 00:00:00'),
(21, 1, 'Rangareddi', '', 1, '0000-00-00 00:00:00', '0000-00-00 00:00:00'),
(22, 1, 'Srikakulam', '', 1, '0000-00-00 00:00:00', '0000-00-00 00:00:00'),
(23, 1, 'Vishakhapatnam', '', 1, '0000-00-00 00:00:00', '0000-00-00 00:00:00'),
(24, 1, 'Vizianagaram', '', 1, '0000-00-00 00:00:00', '0000-00-00 00:00:00'),
(25, 1, 'Warangal', '', 1, '0000-00-00 00:00:00', '0000-00-00 00:00:00'),
(26, 1, 'West Godavari', '', 1, '0000-00-00 00:00:00', '0000-00-00 00:00:00'),
(27, 3, 'Anjaw', '', 1, '0000-00-00 00:00:00', '0000-00-00 00:00:00'),
(28, 3, 'Changlang', '', 1, '0000-00-00 00:00:00', '0000-00-00 00:00:00'),
(29, 3, 'East Kameng', '', 1, '0000-00-00 00:00:00', '0000-00-00 00:00:00'),
(30, 3, 'Lohit', '', 1, '0000-00-00 00:00:00', '0000-00-00 00:00:00'),
(31, 3, 'Lower Subansiri', '', 1, '0000-00-00 00:00:00', '0000-00-00 00:00:00'),
(32, 3, 'Papum Pare', '', 1, '0000-00-00 00:00:00', '0000-00-00 00:00:00'),
(33, 3, 'Tirap', '', 1, '0000-00-00 00:00:00', '0000-00-00 00:00:00'),
(34, 3, 'Dibang Valley', '', 1, '0000-00-00 00:00:00', '0000-00-00 00:00:00'),
(35, 3, 'Upper Subansiri', '', 1, '0000-00-00 00:00:00', '0000-00-00 00:00:00'),
(36, 3, 'West Kameng', '', 1, '0000-00-00 00:00:00', '0000-00-00 00:00:00'),
(37, 2, 'Barpeta', '', 1, '0000-00-00 00:00:00', '0000-00-00 00:00:00'),
(38, 2, 'Bongaigaon', '', 1, '0000-00-00 00:00:00', '0000-00-00 00:00:00'),
(39, 2, 'Cachar', '', 1, '0000-00-00 00:00:00', '0000-00-00 00:00:00'),
(40, 2, 'Darrang', '', 1, '0000-00-00 00:00:00', '0000-00-00 00:00:00'),
(41, 2, 'Dhemaji', '', 1, '0000-00-00 00:00:00', '0000-00-00 00:00:00'),
(42, 2, 'Dhubri', '', 1, '0000-00-00 00:00:00', '0000-00-00 00:00:00'),
(43, 2, 'Dibrugarh', '', 1, '0000-00-00 00:00:00', '0000-00-00 00:00:00'),
(44, 2, 'Goalpara', '', 1, '0000-00-00 00:00:00', '0000-00-00 00:00:00'),
(45, 2, 'Golaghat', '', 1, '0000-00-00 00:00:00', '0000-00-00 00:00:00'),
(46, 2, 'Hailakandi', '', 1, '0000-00-00 00:00:00', '0000-00-00 00:00:00'),
(47, 2, 'Jorhat', '', 1, '0000-00-00 00:00:00', '0000-00-00 00:00:00'),
(48, 2, 'Karbi Anglong', '', 1, '0000-00-00 00:00:00', '0000-00-00 00:00:00'),
(49, 2, 'Karimganj', '', 1, '0000-00-00 00:00:00', '0000-00-00 00:00:00'),
(50, 2, 'Kokrajhar', '', 1, '0000-00-00 00:00:00', '0000-00-00 00:00:00'),
(51, 2, 'Lakhimpur', '', 1, '0000-00-00 00:00:00', '0000-00-00 00:00:00'),
(52, 2, 'Marigaon', '', 1, '0000-00-00 00:00:00', '0000-00-00 00:00:00'),
(53, 2, 'Nagaon', '', 1, '0000-00-00 00:00:00', '0000-00-00 00:00:00'),
(54, 2, 'Nalbari', '', 1, '0000-00-00 00:00:00', '0000-00-00 00:00:00'),
(55, 2, 'North Cachar Hills', '', 1, '0000-00-00 00:00:00', '0000-00-00 00:00:00'),
(56, 2, 'Sibsagar', '', 1, '0000-00-00 00:00:00', '0000-00-00 00:00:00'),
(57, 2, 'Sonitpur', '', 1, '0000-00-00 00:00:00', '0000-00-00 00:00:00'),
(58, 2, 'Tinsukia', '', 1, '0000-00-00 00:00:00', '0000-00-00 00:00:00'),
(59, 4, 'Araria', '', 1, '0000-00-00 00:00:00', '0000-00-00 00:00:00'),
(60, 4, 'Aurangabad', '', 1, '0000-00-00 00:00:00', '0000-00-00 00:00:00'),
(61, 4, 'Banka', '', 1, '0000-00-00 00:00:00', '0000-00-00 00:00:00'),
(62, 4, 'Begusarai', '', 1, '0000-00-00 00:00:00', '0000-00-00 00:00:00'),
(63, 4, 'Bhagalpur', '', 1, '0000-00-00 00:00:00', '0000-00-00 00:00:00'),
(64, 4, 'Bhojpur', '', 1, '0000-00-00 00:00:00', '0000-00-00 00:00:00'),
(65, 4, 'Buxar', '', 1, '0000-00-00 00:00:00', '0000-00-00 00:00:00'),
(66, 4, 'Darbhanga', '', 1, '0000-00-00 00:00:00', '0000-00-00 00:00:00'),
(67, 4, 'Purba Champaran', '', 1, '0000-00-00 00:00:00', '0000-00-00 00:00:00'),
(68, 4, 'Gaya', '', 1, '0000-00-00 00:00:00', '0000-00-00 00:00:00'),
(69, 4, 'Gopalganj', '', 1, '0000-00-00 00:00:00', '0000-00-00 00:00:00'),
(70, 4, 'Jamui', '', 1, '0000-00-00 00:00:00', '0000-00-00 00:00:00'),
(71, 4, 'Jehanabad', '', 1, '0000-00-00 00:00:00', '0000-00-00 00:00:00'),
(72, 4, 'Khagaria', '', 1, '0000-00-00 00:00:00', '0000-00-00 00:00:00'),
(73, 4, 'Kishanganj', '', 1, '0000-00-00 00:00:00', '0000-00-00 00:00:00'),
(74, 4, 'Kaimur', '', 1, '0000-00-00 00:00:00', '0000-00-00 00:00:00'),
(75, 4, 'Katihar', '', 1, '0000-00-00 00:00:00', '0000-00-00 00:00:00'),
(76, 4, 'Lakhisarai', '', 1, '0000-00-00 00:00:00', '0000-00-00 00:00:00'),
(77, 4, 'Madhubani', '', 1, '0000-00-00 00:00:00', '0000-00-00 00:00:00'),
(78, 4, 'Munger', '', 1, '0000-00-00 00:00:00', '0000-00-00 00:00:00'),
(79, 4, 'Madhepura', '', 1, '0000-00-00 00:00:00', '0000-00-00 00:00:00'),
(80, 4, 'Muzaffarpur', '', 1, '0000-00-00 00:00:00', '0000-00-00 00:00:00'),
(81, 4, 'Nalanda', '', 1, '0000-00-00 00:00:00', '0000-00-00 00:00:00'),
(82, 4, 'Nawada', '', 1, '0000-00-00 00:00:00', '0000-00-00 00:00:00'),
(83, 4, 'Patna', '', 1, '0000-00-00 00:00:00', '0000-00-00 00:00:00'),
(84, 4, 'Purnia', '', 1, '0000-00-00 00:00:00', '0000-00-00 00:00:00'),
(85, 4, 'Rohtas', '', 1, '0000-00-00 00:00:00', '0000-00-00 00:00:00'),
(86, 4, 'Saharsa', '', 1, '0000-00-00 00:00:00', '0000-00-00 00:00:00'),
(87, 4, 'Samastipur', '', 1, '0000-00-00 00:00:00', '0000-00-00 00:00:00'),
(88, 4, 'Sheohar', '', 1, '0000-00-00 00:00:00', '0000-00-00 00:00:00'),
(89, 4, 'Sheikhpura', '', 1, '0000-00-00 00:00:00', '0000-00-00 00:00:00'),
(90, 4, 'Saran', '', 1, '0000-00-00 00:00:00', '0000-00-00 00:00:00'),
(91, 4, 'Sitamarhi', '', 1, '0000-00-00 00:00:00', '0000-00-00 00:00:00'),
(92, 4, 'Supaul', '', 1, '0000-00-00 00:00:00', '0000-00-00 00:00:00'),
(93, 4, 'Siwan', '', 1, '0000-00-00 00:00:00', '0000-00-00 00:00:00'),
(94, 4, 'Vaishali', '', 1, '0000-00-00 00:00:00', '0000-00-00 00:00:00'),
(95, 4, 'Pashchim Champaran', '', 1, '0000-00-00 00:00:00', '0000-00-00 00:00:00'),
(96, 36, 'Bastar', '', 1, '0000-00-00 00:00:00', '0000-00-00 00:00:00'),
(97, 36, 'Bilaspur', '', 1, '0000-00-00 00:00:00', '0000-00-00 00:00:00'),
(98, 36, 'Dantewada', '', 1, '0000-00-00 00:00:00', '0000-00-00 00:00:00'),
(99, 36, 'Dhamtari', '', 1, '0000-00-00 00:00:00', '0000-00-00 00:00:00'),
(100, 36, 'Durg', '', 1, '0000-00-00 00:00:00', '0000-00-00 00:00:00'),
(101, 36, 'Jashpur', '', 1, '0000-00-00 00:00:00', '0000-00-00 00:00:00'),
(102, 36, 'Janjgir-Champa', '', 1, '0000-00-00 00:00:00', '0000-00-00 00:00:00'),
(103, 36, 'Korba', '', 1, '0000-00-00 00:00:00', '0000-00-00 00:00:00'),
(104, 36, 'Koriya', '', 1, '0000-00-00 00:00:00', '0000-00-00 00:00:00'),
(105, 36, 'Kanker', '', 1, '0000-00-00 00:00:00', '0000-00-00 00:00:00'),
(106, 36, 'Kawardha', '', 1, '0000-00-00 00:00:00', '0000-00-00 00:00:00'),
(107, 36, 'Mahasamund', '', 1, '0000-00-00 00:00:00', '0000-00-00 00:00:00'),
(108, 36, 'Raigarh', '', 1, '0000-00-00 00:00:00', '0000-00-00 00:00:00'),
(109, 36, 'Rajnandgaon', '', 1, '0000-00-00 00:00:00', '0000-00-00 00:00:00'),
(110, 36, 'Raipur', '', 1, '0000-00-00 00:00:00', '0000-00-00 00:00:00'),
(111, 36, 'Surguja', '', 1, '0000-00-00 00:00:00', '0000-00-00 00:00:00'),
(112, 29, 'Diu', '', 1, '0000-00-00 00:00:00', '0000-00-00 00:00:00'),
(113, 29, 'Daman', '', 1, '0000-00-00 00:00:00', '0000-00-00 00:00:00'),
(114, 25, 'Central Delhi', '', 1, '0000-00-00 00:00:00', '0000-00-00 00:00:00'),
(115, 25, 'East Delhi', '', 1, '0000-00-00 00:00:00', '0000-00-00 00:00:00'),
(116, 25, 'New Delhi', '', 1, '0000-00-00 00:00:00', '0000-00-00 00:00:00'),
(117, 25, 'North Delhi', '', 1, '0000-00-00 00:00:00', '0000-00-00 00:00:00'),
(118, 25, 'North East Delhi', '', 1, '0000-00-00 00:00:00', '0000-00-00 00:00:00'),
(119, 25, 'North West Delhi', '', 1, '0000-00-00 00:00:00', '0000-00-00 00:00:00'),
(120, 25, 'South Delhi', '', 1, '0000-00-00 00:00:00', '0000-00-00 00:00:00'),
(121, 25, 'South West Delhi', '', 1, '0000-00-00 00:00:00', '0000-00-00 00:00:00'),
(122, 25, 'West Delhi', '', 1, '0000-00-00 00:00:00', '0000-00-00 00:00:00'),
(123, 26, 'North Goa', '', 1, '0000-00-00 00:00:00', '0000-00-00 00:00:00'),
(124, 26, 'South Goa', '', 1, '0000-00-00 00:00:00', '0000-00-00 00:00:00'),
(125, 5, 'Ahmedabad', '', 1, '0000-00-00 00:00:00', '0000-00-00 00:00:00'),
(126, 5, 'Amreli District', '', 1, '0000-00-00 00:00:00', '0000-00-00 00:00:00'),
(127, 5, 'Anand', '', 1, '0000-00-00 00:00:00', '0000-00-00 00:00:00'),
(128, 5, 'Banaskantha', '', 1, '0000-00-00 00:00:00', '0000-00-00 00:00:00'),
(129, 5, 'Bharuch', '', 1, '0000-00-00 00:00:00', '0000-00-00 00:00:00'),
(130, 5, 'Bhavnagar', '', 1, '0000-00-00 00:00:00', '0000-00-00 00:00:00'),
(131, 5, 'Dahod', '', 1, '0000-00-00 00:00:00', '0000-00-00 00:00:00'),
(132, 5, 'The Dangs', '', 1, '0000-00-00 00:00:00', '0000-00-00 00:00:00'),
(133, 5, 'Gandhinagar', '', 1, '0000-00-00 00:00:00', '0000-00-00 00:00:00'),
(134, 5, 'Jamnagar', '', 1, '0000-00-00 00:00:00', '0000-00-00 00:00:00'),
(135, 5, 'Junagadh', '', 1, '0000-00-00 00:00:00', '0000-00-00 00:00:00'),
(136, 5, 'Kutch', '', 1, '0000-00-00 00:00:00', '0000-00-00 00:00:00'),
(137, 5, 'Kheda', '', 1, '0000-00-00 00:00:00', '0000-00-00 00:00:00'),
(138, 5, 'Mehsana', '', 1, '0000-00-00 00:00:00', '0000-00-00 00:00:00'),
(139, 5, 'Narmada', '', 1, '0000-00-00 00:00:00', '0000-00-00 00:00:00'),
(140, 5, 'Navsari', '', 1, '0000-00-00 00:00:00', '0000-00-00 00:00:00'),
(141, 5, 'Patan', '', 1, '0000-00-00 00:00:00', '0000-00-00 00:00:00'),
(142, 5, 'Panchmahal', '', 1, '0000-00-00 00:00:00', '0000-00-00 00:00:00'),
(143, 5, 'Porbandar', '', 1, '0000-00-00 00:00:00', '0000-00-00 00:00:00'),
(144, 5, 'Rajkot', '', 1, '0000-00-00 00:00:00', '0000-00-00 00:00:00'),
(145, 5, 'Sabarkantha', '', 1, '0000-00-00 00:00:00', '0000-00-00 00:00:00'),
(146, 5, 'Surendranagar', '', 1, '0000-00-00 00:00:00', '0000-00-00 00:00:00'),
(147, 5, 'Surat', '', 1, '0000-00-00 00:00:00', '0000-00-00 00:00:00'),
(148, 5, 'Vadodara', '', 1, '0000-00-00 00:00:00', '0000-00-00 00:00:00'),
(149, 5, 'Valsad', '', 1, '0000-00-00 00:00:00', '0000-00-00 00:00:00'),
(150, 6, 'Ambala', '', 1, '0000-00-00 00:00:00', '0000-00-00 00:00:00'),
(151, 6, 'Bhiwani', '', 1, '0000-00-00 00:00:00', '0000-00-00 00:00:00'),
(152, 6, 'Faridabad', '', 1, '0000-00-00 00:00:00', '0000-00-00 00:00:00'),
(153, 6, 'Fatehabad', '', 1, '0000-00-00 00:00:00', '0000-00-00 00:00:00'),
(154, 6, 'Gurgaon', '', 1, '0000-00-00 00:00:00', '0000-00-00 00:00:00'),
(155, 6, 'Hissar', '', 1, '0000-00-00 00:00:00', '0000-00-00 00:00:00'),
(156, 6, 'Jhajjar', '', 1, '0000-00-00 00:00:00', '0000-00-00 00:00:00'),
(157, 6, 'Jind', '', 1, '0000-00-00 00:00:00', '0000-00-00 00:00:00'),
(158, 6, 'Karnal', '', 1, '0000-00-00 00:00:00', '0000-00-00 00:00:00'),
(159, 6, 'Kaithal', '', 1, '0000-00-00 00:00:00', '0000-00-00 00:00:00'),
(160, 6, 'Kurukshetra', '', 1, '0000-00-00 00:00:00', '0000-00-00 00:00:00'),
(161, 6, 'Mahendragarh', '', 1, '0000-00-00 00:00:00', '0000-00-00 00:00:00'),
(162, 6, 'Mewat', '', 1, '0000-00-00 00:00:00', '0000-00-00 00:00:00'),
(163, 6, 'Panchkula', '', 1, '0000-00-00 00:00:00', '0000-00-00 00:00:00'),
(164, 6, 'Panipat', '', 1, '0000-00-00 00:00:00', '0000-00-00 00:00:00'),
(165, 6, 'Rewari', '', 1, '0000-00-00 00:00:00', '0000-00-00 00:00:00'),
(166, 6, 'Rohtak', '', 1, '0000-00-00 00:00:00', '0000-00-00 00:00:00'),
(167, 6, 'Sirsa', '', 1, '0000-00-00 00:00:00', '0000-00-00 00:00:00'),
(168, 6, 'Sonepat', '', 1, '0000-00-00 00:00:00', '0000-00-00 00:00:00'),
(169, 6, 'Yamuna Nagar', '', 1, '0000-00-00 00:00:00', '0000-00-00 00:00:00'),
(170, 6, 'Palwal', '', 1, '0000-00-00 00:00:00', '0000-00-00 00:00:00'),
(171, 7, 'Bilaspur', '', 1, '0000-00-00 00:00:00', '0000-00-00 00:00:00'),
(172, 7, 'Chamba', '', 1, '0000-00-00 00:00:00', '0000-00-00 00:00:00'),
(173, 7, 'Hamirpur', '', 1, '0000-00-00 00:00:00', '0000-00-00 00:00:00'),
(174, 7, 'Kangra', '', 1, '0000-00-00 00:00:00', '0000-00-00 00:00:00'),
(175, 7, 'Kinnaur', '', 1, '0000-00-00 00:00:00', '0000-00-00 00:00:00'),
(176, 7, 'Kulu', '', 1, '0000-00-00 00:00:00', '0000-00-00 00:00:00'),
(177, 7, 'Lahaul and Spiti', '', 1, '0000-00-00 00:00:00', '0000-00-00 00:00:00'),
(178, 7, 'Mandi', '', 1, '0000-00-00 00:00:00', '0000-00-00 00:00:00'),
(179, 7, 'Shimla', '', 1, '0000-00-00 00:00:00', '0000-00-00 00:00:00'),
(180, 7, 'Sirmaur', '', 1, '0000-00-00 00:00:00', '0000-00-00 00:00:00'),
(181, 7, 'Solan', '', 1, '0000-00-00 00:00:00', '0000-00-00 00:00:00'),
(182, 7, 'Una', '', 1, '0000-00-00 00:00:00', '0000-00-00 00:00:00'),
(183, 8, 'Anantnag', '', 1, '0000-00-00 00:00:00', '0000-00-00 00:00:00'),
(184, 8, 'Badgam', '', 1, '0000-00-00 00:00:00', '0000-00-00 00:00:00'),
(185, 8, 'Bandipore', '', 1, '0000-00-00 00:00:00', '0000-00-00 00:00:00'),
(186, 8, 'Baramula', '', 1, '0000-00-00 00:00:00', '0000-00-00 00:00:00'),
(187, 8, 'Doda', '', 1, '0000-00-00 00:00:00', '0000-00-00 00:00:00'),
(188, 8, 'Jammu', '', 1, '0000-00-00 00:00:00', '0000-00-00 00:00:00'),
(189, 8, 'Kargil', '', 1, '0000-00-00 00:00:00', '0000-00-00 00:00:00'),
(190, 8, 'Kathua', '', 1, '0000-00-00 00:00:00', '0000-00-00 00:00:00'),
(191, 8, 'Kupwara', '', 1, '0000-00-00 00:00:00', '0000-00-00 00:00:00'),
(192, 8, 'Leh', '', 1, '0000-00-00 00:00:00', '0000-00-00 00:00:00'),
(193, 8, 'Poonch', '', 1, '0000-00-00 00:00:00', '0000-00-00 00:00:00'),
(194, 8, 'Pulwama', '', 1, '0000-00-00 00:00:00', '0000-00-00 00:00:00'),
(195, 8, 'Rajauri', '', 1, '0000-00-00 00:00:00', '0000-00-00 00:00:00'),
(196, 8, 'Srinagar', '', 1, '0000-00-00 00:00:00', '0000-00-00 00:00:00'),
(197, 8, 'Samba', '', 1, '0000-00-00 00:00:00', '0000-00-00 00:00:00'),
(198, 8, 'Udhampur', '', 1, '0000-00-00 00:00:00', '0000-00-00 00:00:00'),
(199, 34, 'Bokaro', '', 1, '0000-00-00 00:00:00', '0000-00-00 00:00:00'),
(200, 34, 'Chatra', '', 1, '0000-00-00 00:00:00', '0000-00-00 00:00:00'),
(201, 34, 'Deoghar', '', 1, '0000-00-00 00:00:00', '0000-00-00 00:00:00'),
(202, 34, 'Dhanbad', '', 1, '0000-00-00 00:00:00', '0000-00-00 00:00:00'),
(203, 34, 'Dumka', '', 1, '0000-00-00 00:00:00', '0000-00-00 00:00:00'),
(204, 34, 'Purba Singhbhum', '', 1, '0000-00-00 00:00:00', '0000-00-00 00:00:00'),
(205, 34, 'Garhwa', '', 1, '0000-00-00 00:00:00', '0000-00-00 00:00:00'),
(206, 34, 'Giridih', '', 1, '0000-00-00 00:00:00', '0000-00-00 00:00:00'),
(207, 34, 'Godda', '', 1, '0000-00-00 00:00:00', '0000-00-00 00:00:00'),
(208, 34, 'Gumla', '', 1, '0000-00-00 00:00:00', '0000-00-00 00:00:00'),
(209, 34, 'Hazaribagh', '', 1, '0000-00-00 00:00:00', '0000-00-00 00:00:00'),
(210, 34, 'Koderma', '', 1, '0000-00-00 00:00:00', '0000-00-00 00:00:00'),
(211, 34, 'Lohardaga', '', 1, '0000-00-00 00:00:00', '0000-00-00 00:00:00'),
(212, 34, 'Pakur', '', 1, '0000-00-00 00:00:00', '0000-00-00 00:00:00'),
(213, 34, 'Palamu', '', 1, '0000-00-00 00:00:00', '0000-00-00 00:00:00'),
(214, 34, 'Ranchi', '', 1, '0000-00-00 00:00:00', '0000-00-00 00:00:00'),
(215, 34, 'Sahibganj', '', 1, '0000-00-00 00:00:00', '0000-00-00 00:00:00'),
(216, 34, 'Seraikela and Kharsawan', '', 1, '0000-00-00 00:00:00', '0000-00-00 00:00:00'),
(217, 34, 'Pashchim Singhbhum', '', 1, '0000-00-00 00:00:00', '0000-00-00 00:00:00'),
(218, 34, 'Ramgarh', '', 1, '0000-00-00 00:00:00', '0000-00-00 00:00:00'),
(219, 9, 'Bidar', '', 1, '0000-00-00 00:00:00', '0000-00-00 00:00:00'),
(220, 9, 'Belgaum', '', 1, '0000-00-00 00:00:00', '0000-00-00 00:00:00'),
(221, 9, 'Bijapur', '', 1, '0000-00-00 00:00:00', '0000-00-00 00:00:00'),
(222, 9, 'Bagalkot', '', 1, '0000-00-00 00:00:00', '0000-00-00 00:00:00'),
(223, 9, 'Bellary', '', 1, '0000-00-00 00:00:00', '0000-00-00 00:00:00'),
(224, 9, 'Bangalore Rural District', '', 1, '0000-00-00 00:00:00', '0000-00-00 00:00:00'),
(225, 9, 'Bangalore Urban District', '', 1, '0000-00-00 00:00:00', '0000-00-00 00:00:00'),
(226, 9, 'Chamarajnagar', '', 1, '0000-00-00 00:00:00', '0000-00-00 00:00:00'),
(227, 9, 'Chikmagalur', '', 1, '0000-00-00 00:00:00', '0000-00-00 00:00:00'),
(228, 9, 'Chitradurga', '', 1, '0000-00-00 00:00:00', '0000-00-00 00:00:00'),
(229, 9, 'Davanagere', '', 1, '0000-00-00 00:00:00', '0000-00-00 00:00:00'),
(230, 9, 'Dharwad', '', 1, '0000-00-00 00:00:00', '0000-00-00 00:00:00'),
(231, 9, 'Dakshina Kannada', '', 1, '0000-00-00 00:00:00', '0000-00-00 00:00:00'),
(232, 9, 'Gadag', '', 1, '0000-00-00 00:00:00', '0000-00-00 00:00:00'),
(233, 9, 'Gulbarga', '', 1, '0000-00-00 00:00:00', '0000-00-00 00:00:00'),
(234, 9, 'Hassan', '', 1, '0000-00-00 00:00:00', '0000-00-00 00:00:00'),
(235, 9, 'Haveri District', '', 1, '0000-00-00 00:00:00', '0000-00-00 00:00:00'),
(236, 9, 'Kodagu', '', 1, '0000-00-00 00:00:00', '0000-00-00 00:00:00'),
(237, 9, 'Kolar', '', 1, '0000-00-00 00:00:00', '0000-00-00 00:00:00'),
(238, 9, 'Koppal', '', 1, '0000-00-00 00:00:00', '0000-00-00 00:00:00'),
(239, 9, 'Mandya', '', 1, '0000-00-00 00:00:00', '0000-00-00 00:00:00'),
(240, 9, 'Mysore', '', 1, '0000-00-00 00:00:00', '0000-00-00 00:00:00'),
(241, 9, 'Raichur', '', 1, '0000-00-00 00:00:00', '0000-00-00 00:00:00'),
(242, 9, 'Shimoga', '', 1, '0000-00-00 00:00:00', '0000-00-00 00:00:00'),
(243, 9, 'Tumkur', '', 1, '0000-00-00 00:00:00', '0000-00-00 00:00:00'),
(244, 9, 'Udupi', '', 1, '0000-00-00 00:00:00', '0000-00-00 00:00:00'),
(245, 9, 'Uttara Kannada', '', 1, '0000-00-00 00:00:00', '0000-00-00 00:00:00'),
(246, 9, 'Ramanagara', '', 1, '0000-00-00 00:00:00', '0000-00-00 00:00:00'),
(247, 9, 'Chikballapur', '', 1, '0000-00-00 00:00:00', '0000-00-00 00:00:00'),
(248, 9, 'Yadagiri', '', 1, '0000-00-00 00:00:00', '0000-00-00 00:00:00'),
(249, 10, 'Alappuzha', '', 1, '0000-00-00 00:00:00', '0000-00-00 00:00:00'),
(250, 10, 'Ernakulam', '', 1, '0000-00-00 00:00:00', '0000-00-00 00:00:00'),
(251, 10, 'Idukki', '', 1, '0000-00-00 00:00:00', '0000-00-00 00:00:00'),
(252, 10, 'Kollam', '', 1, '0000-00-00 00:00:00', '0000-00-00 00:00:00'),
(253, 10, 'Kannur', '', 1, '0000-00-00 00:00:00', '0000-00-00 00:00:00'),
(254, 10, 'Kasaragod', '', 1, '0000-00-00 00:00:00', '0000-00-00 00:00:00'),
(255, 10, 'Kottayam', '', 1, '0000-00-00 00:00:00', '0000-00-00 00:00:00'),
(256, 10, 'Kozhikode', '', 1, '0000-00-00 00:00:00', '0000-00-00 00:00:00'),
(257, 10, 'Malappuram', '', 1, '0000-00-00 00:00:00', '0000-00-00 00:00:00'),
(258, 10, 'Palakkad', '', 1, '0000-00-00 00:00:00', '0000-00-00 00:00:00'),
(259, 10, 'Pathanamthitta', '', 1, '0000-00-00 00:00:00', '0000-00-00 00:00:00'),
(260, 10, 'Thrissur', '', 1, '0000-00-00 00:00:00', '0000-00-00 00:00:00'),
(261, 10, 'Thiruvananthapuram', '', 1, '0000-00-00 00:00:00', '0000-00-00 00:00:00'),
(262, 10, 'Wayanad', '', 1, '0000-00-00 00:00:00', '0000-00-00 00:00:00'),
(263, 11, 'Alirajpur', '', 1, '0000-00-00 00:00:00', '0000-00-00 00:00:00'),
(264, 11, 'Anuppur', '', 1, '0000-00-00 00:00:00', '0000-00-00 00:00:00'),
(265, 11, 'Ashok Nagar', '', 1, '0000-00-00 00:00:00', '0000-00-00 00:00:00'),
(266, 11, 'Balaghat', '', 1, '0000-00-00 00:00:00', '0000-00-00 00:00:00'),
(267, 11, 'Barwani', '', 1, '0000-00-00 00:00:00', '0000-00-00 00:00:00'),
(268, 11, 'Betul', '', 1, '0000-00-00 00:00:00', '0000-00-00 00:00:00'),
(269, 11, 'Bhind', '', 1, '0000-00-00 00:00:00', '0000-00-00 00:00:00'),
(270, 11, 'Bhopal', '', 1, '0000-00-00 00:00:00', '0000-00-00 00:00:00'),
(271, 11, 'Burhanpur', '', 1, '0000-00-00 00:00:00', '0000-00-00 00:00:00'),
(272, 11, 'Chhatarpur', '', 1, '0000-00-00 00:00:00', '0000-00-00 00:00:00'),
(273, 11, 'Chhindwara', '', 1, '0000-00-00 00:00:00', '0000-00-00 00:00:00'),
(274, 11, 'Damoh', '', 1, '0000-00-00 00:00:00', '0000-00-00 00:00:00'),
(275, 11, 'Datia', '', 1, '0000-00-00 00:00:00', '0000-00-00 00:00:00'),
(276, 11, 'Dewas', '', 1, '0000-00-00 00:00:00', '0000-00-00 00:00:00'),
(277, 11, 'Dhar', '', 1, '0000-00-00 00:00:00', '0000-00-00 00:00:00'),
(278, 11, 'Dindori', '', 1, '0000-00-00 00:00:00', '0000-00-00 00:00:00'),
(279, 11, 'Guna', '', 1, '0000-00-00 00:00:00', '0000-00-00 00:00:00'),
(280, 11, 'Gwalior', '', 1, '0000-00-00 00:00:00', '0000-00-00 00:00:00'),
(281, 11, 'Harda', '', 1, '0000-00-00 00:00:00', '0000-00-00 00:00:00'),
(282, 11, 'Hoshangabad', '', 1, '0000-00-00 00:00:00', '0000-00-00 00:00:00'),
(283, 11, 'Indore', '', 1, '0000-00-00 00:00:00', '0000-00-00 00:00:00'),
(284, 11, 'Jabalpur', '', 1, '0000-00-00 00:00:00', '0000-00-00 00:00:00'),
(285, 11, 'Jhabua', '', 1, '0000-00-00 00:00:00', '0000-00-00 00:00:00'),
(286, 11, 'Katni', '', 1, '0000-00-00 00:00:00', '0000-00-00 00:00:00'),
(287, 11, 'Khandwa', '', 1, '0000-00-00 00:00:00', '0000-00-00 00:00:00'),
(288, 11, 'Khargone', '', 1, '0000-00-00 00:00:00', '0000-00-00 00:00:00'),
(289, 11, 'Mandla', '', 1, '0000-00-00 00:00:00', '0000-00-00 00:00:00'),
(290, 11, 'Mandsaur', '', 1, '0000-00-00 00:00:00', '0000-00-00 00:00:00'),
(291, 11, 'Morena', '', 1, '0000-00-00 00:00:00', '0000-00-00 00:00:00'),
(292, 11, 'Narsinghpur', '', 1, '0000-00-00 00:00:00', '0000-00-00 00:00:00'),
(293, 11, 'Neemuch', '', 1, '0000-00-00 00:00:00', '0000-00-00 00:00:00'),
(294, 11, 'Panna', '', 1, '0000-00-00 00:00:00', '0000-00-00 00:00:00'),
(295, 11, 'Rewa', '', 1, '0000-00-00 00:00:00', '0000-00-00 00:00:00'),
(296, 11, 'Rajgarh', '', 1, '0000-00-00 00:00:00', '0000-00-00 00:00:00'),
(297, 11, 'Ratlam', '', 1, '0000-00-00 00:00:00', '0000-00-00 00:00:00'),
(298, 11, 'Raisen', '', 1, '0000-00-00 00:00:00', '0000-00-00 00:00:00'),
(299, 11, 'Sagar', '', 1, '0000-00-00 00:00:00', '0000-00-00 00:00:00'),
(300, 11, 'Satna', '', 1, '0000-00-00 00:00:00', '0000-00-00 00:00:00'),
(301, 11, 'Sehore', '', 1, '0000-00-00 00:00:00', '0000-00-00 00:00:00'),
(302, 11, 'Seoni', '', 1, '0000-00-00 00:00:00', '0000-00-00 00:00:00'),
(303, 11, 'Shahdol', '', 1, '0000-00-00 00:00:00', '0000-00-00 00:00:00'),
(304, 11, 'Shajapur', '', 1, '0000-00-00 00:00:00', '0000-00-00 00:00:00'),
(305, 11, 'Sheopur', '', 1, '0000-00-00 00:00:00', '0000-00-00 00:00:00'),
(306, 11, 'Shivpuri', '', 1, '0000-00-00 00:00:00', '0000-00-00 00:00:00'),
(307, 11, 'Sidhi', '', 1, '0000-00-00 00:00:00', '0000-00-00 00:00:00'),
(308, 11, 'Singrauli', '', 1, '0000-00-00 00:00:00', '0000-00-00 00:00:00'),
(309, 11, 'Tikamgarh', '', 1, '0000-00-00 00:00:00', '0000-00-00 00:00:00'),
(310, 11, 'Ujjain', '', 1, '0000-00-00 00:00:00', '0000-00-00 00:00:00'),
(311, 11, 'Umaria', '', 1, '0000-00-00 00:00:00', '0000-00-00 00:00:00'),
(312, 11, 'Vidisha', '', 1, '0000-00-00 00:00:00', '0000-00-00 00:00:00'),
(313, 12, 'Ahmednagar', '', 1, '0000-00-00 00:00:00', '0000-00-00 00:00:00'),
(314, 12, 'Akola', '', 1, '0000-00-00 00:00:00', '0000-00-00 00:00:00'),
(315, 12, 'Amrawati', '', 1, '0000-00-00 00:00:00', '0000-00-00 00:00:00'),
(316, 12, 'Aurangabad', '', 1, '0000-00-00 00:00:00', '0000-00-00 00:00:00'),
(317, 12, 'Bhandara', '', 1, '0000-00-00 00:00:00', '0000-00-00 00:00:00'),
(318, 12, 'Beed', '', 1, '0000-00-00 00:00:00', '0000-00-00 00:00:00'),
(319, 12, 'Buldhana', '', 1, '0000-00-00 00:00:00', '0000-00-00 00:00:00'),
(320, 12, 'Chandrapur', '', 1, '0000-00-00 00:00:00', '0000-00-00 00:00:00'),
(321, 12, 'Dhule', '', 1, '0000-00-00 00:00:00', '0000-00-00 00:00:00'),
(322, 12, 'Gadchiroli', '', 1, '0000-00-00 00:00:00', '0000-00-00 00:00:00'),
(323, 12, 'Gondiya', '', 1, '0000-00-00 00:00:00', '0000-00-00 00:00:00'),
(324, 12, 'Hingoli', '', 1, '0000-00-00 00:00:00', '0000-00-00 00:00:00'),
(325, 12, 'Jalgaon', '', 1, '0000-00-00 00:00:00', '0000-00-00 00:00:00'),
(326, 12, 'Jalna', '', 1, '0000-00-00 00:00:00', '0000-00-00 00:00:00'),
(327, 12, 'Kolhapur', '', 1, '0000-00-00 00:00:00', '0000-00-00 00:00:00'),
(328, 12, 'Latur', '', 1, '0000-00-00 00:00:00', '0000-00-00 00:00:00'),
(329, 12, 'Mumbai City', '', 1, '0000-00-00 00:00:00', '0000-00-00 00:00:00'),
(330, 12, 'Mumbai suburban', '', 1, '0000-00-00 00:00:00', '0000-00-00 00:00:00'),
(331, 12, 'Nandurbar', '', 1, '0000-00-00 00:00:00', '0000-00-00 00:00:00'),
(332, 12, 'Nanded', '', 1, '0000-00-00 00:00:00', '0000-00-00 00:00:00'),
(333, 12, 'Nagpur', '', 1, '0000-00-00 00:00:00', '0000-00-00 00:00:00'),
(334, 12, 'Nashik', '', 1, '0000-00-00 00:00:00', '0000-00-00 00:00:00'),
(335, 12, 'Osmanabad', '', 1, '0000-00-00 00:00:00', '0000-00-00 00:00:00'),
(336, 12, 'Parbhani', '', 1, '0000-00-00 00:00:00', '0000-00-00 00:00:00'),
(337, 12, 'Pune', '', 1, '0000-00-00 00:00:00', '0000-00-00 00:00:00'),
(338, 12, 'Raigad', '', 1, '0000-00-00 00:00:00', '0000-00-00 00:00:00'),
(339, 12, 'Ratnagiri', '', 1, '0000-00-00 00:00:00', '0000-00-00 00:00:00'),
(340, 12, 'Sindhudurg', '', 1, '0000-00-00 00:00:00', '0000-00-00 00:00:00'),
(341, 12, 'Sangli', '', 1, '0000-00-00 00:00:00', '0000-00-00 00:00:00'),
(342, 12, 'Solapur', '', 1, '0000-00-00 00:00:00', '0000-00-00 00:00:00'),
(343, 12, 'Satara', '', 1, '0000-00-00 00:00:00', '0000-00-00 00:00:00'),
(344, 12, 'Thane', '', 1, '0000-00-00 00:00:00', '0000-00-00 00:00:00'),
(345, 12, 'Wardha', '', 1, '0000-00-00 00:00:00', '0000-00-00 00:00:00'),
(346, 12, 'Washim', '', 1, '0000-00-00 00:00:00', '0000-00-00 00:00:00'),
(347, 12, 'Yavatmal', '', 1, '0000-00-00 00:00:00', '0000-00-00 00:00:00'),
(348, 13, 'Bishnupur', '', 1, '0000-00-00 00:00:00', '0000-00-00 00:00:00'),
(349, 13, 'Churachandpur', '', 1, '0000-00-00 00:00:00', '0000-00-00 00:00:00'),
(350, 13, 'Chandel', '', 1, '0000-00-00 00:00:00', '0000-00-00 00:00:00'),
(351, 13, 'Imphal East', '', 1, '0000-00-00 00:00:00', '0000-00-00 00:00:00'),
(352, 13, 'Senapati', '', 1, '0000-00-00 00:00:00', '0000-00-00 00:00:00'),
(353, 13, 'Tamenglong', '', 1, '0000-00-00 00:00:00', '0000-00-00 00:00:00'),
(354, 13, 'Thoubal', '', 1, '0000-00-00 00:00:00', '0000-00-00 00:00:00'),
(355, 13, 'Ukhrul', '', 1, '0000-00-00 00:00:00', '0000-00-00 00:00:00'),
(356, 13, 'Imphal West', '', 1, '0000-00-00 00:00:00', '0000-00-00 00:00:00'),
(357, 14, 'East Garo Hills', '', 1, '0000-00-00 00:00:00', '0000-00-00 00:00:00'),
(358, 14, 'East Khasi Hills', '', 1, '0000-00-00 00:00:00', '0000-00-00 00:00:00'),
(359, 14, 'Jaintia Hills', '', 1, '0000-00-00 00:00:00', '0000-00-00 00:00:00'),
(360, 14, 'Ri-Bhoi', '', 1, '0000-00-00 00:00:00', '0000-00-00 00:00:00'),
(361, 14, 'South Garo Hills', '', 1, '0000-00-00 00:00:00', '0000-00-00 00:00:00'),
(362, 14, 'West Garo Hills', '', 1, '0000-00-00 00:00:00', '0000-00-00 00:00:00'),
(363, 14, 'West Khasi Hills', '', 1, '0000-00-00 00:00:00', '0000-00-00 00:00:00'),
(364, 15, 'Aizawl', '', 1, '0000-00-00 00:00:00', '0000-00-00 00:00:00'),
(365, 15, 'Champhai', '', 1, '0000-00-00 00:00:00', '0000-00-00 00:00:00'),
(366, 15, 'Kolasib', '', 1, '0000-00-00 00:00:00', '0000-00-00 00:00:00'),
(367, 15, 'Lawngtlai', '', 1, '0000-00-00 00:00:00', '0000-00-00 00:00:00'),
(368, 15, 'Lunglei', '', 1, '0000-00-00 00:00:00', '0000-00-00 00:00:00'),
(369, 15, 'Mamit', '', 1, '0000-00-00 00:00:00', '0000-00-00 00:00:00'),
(370, 15, 'Saiha', '', 1, '0000-00-00 00:00:00', '0000-00-00 00:00:00'),
(371, 15, 'Serchhip', '', 1, '0000-00-00 00:00:00', '0000-00-00 00:00:00'),
(372, 16, 'Dimapur', '', 1, '0000-00-00 00:00:00', '0000-00-00 00:00:00'),
(373, 16, 'Kohima', '', 1, '0000-00-00 00:00:00', '0000-00-00 00:00:00'),
(374, 16, 'Mokokchung', '', 1, '0000-00-00 00:00:00', '0000-00-00 00:00:00'),
(375, 16, 'Mon', '', 1, '0000-00-00 00:00:00', '0000-00-00 00:00:00'),
(376, 16, 'Phek', '', 1, '0000-00-00 00:00:00', '0000-00-00 00:00:00'),
(377, 16, 'Tuensang', '', 1, '0000-00-00 00:00:00', '0000-00-00 00:00:00'),
(378, 16, 'Wokha', '', 1, '0000-00-00 00:00:00', '0000-00-00 00:00:00'),
(379, 16, 'Zunheboto', '', 1, '0000-00-00 00:00:00', '0000-00-00 00:00:00'),
(380, 17, 'Angul', '', 1, '0000-00-00 00:00:00', '0000-00-00 00:00:00'),
(381, 17, 'Boudh', '', 1, '0000-00-00 00:00:00', '0000-00-00 00:00:00'),
(382, 17, 'Bhadrak', '', 1, '0000-00-00 00:00:00', '0000-00-00 00:00:00'),
(383, 17, 'Bolangir', '', 1, '0000-00-00 00:00:00', '0000-00-00 00:00:00'),
(384, 17, 'Bargarh', '', 1, '0000-00-00 00:00:00', '0000-00-00 00:00:00'),
(385, 17, 'Baleswar', '', 1, '0000-00-00 00:00:00', '0000-00-00 00:00:00'),
(386, 17, 'Cuttack', '', 1, '0000-00-00 00:00:00', '0000-00-00 00:00:00'),
(387, 17, 'Debagarh', '', 1, '0000-00-00 00:00:00', '0000-00-00 00:00:00'),
(388, 17, 'Dhenkanal', '', 1, '0000-00-00 00:00:00', '0000-00-00 00:00:00'),
(389, 17, 'Ganjam', '', 1, '0000-00-00 00:00:00', '0000-00-00 00:00:00'),
(390, 17, 'Gajapati', '', 1, '0000-00-00 00:00:00', '0000-00-00 00:00:00'),
(391, 17, 'Jharsuguda', '', 1, '0000-00-00 00:00:00', '0000-00-00 00:00:00'),
(392, 17, 'Jajapur', '', 1, '0000-00-00 00:00:00', '0000-00-00 00:00:00'),
(393, 17, 'Jagatsinghpur', '', 1, '0000-00-00 00:00:00', '0000-00-00 00:00:00'),
(394, 17, 'Khordha', '', 1, '0000-00-00 00:00:00', '0000-00-00 00:00:00'),
(395, 17, 'Kendujhar', '', 1, '0000-00-00 00:00:00', '0000-00-00 00:00:00'),
(396, 17, 'Kalahandi', '', 1, '0000-00-00 00:00:00', '0000-00-00 00:00:00'),
(397, 17, 'Kandhamal', '', 1, '0000-00-00 00:00:00', '0000-00-00 00:00:00'),
(398, 17, 'Koraput', '', 1, '0000-00-00 00:00:00', '0000-00-00 00:00:00'),
(399, 17, 'Kendrapara', '', 1, '0000-00-00 00:00:00', '0000-00-00 00:00:00'),
(400, 17, 'Malkangiri', '', 1, '0000-00-00 00:00:00', '0000-00-00 00:00:00'),
(401, 17, 'Mayurbhanj', '', 1, '0000-00-00 00:00:00', '0000-00-00 00:00:00'),
(402, 17, 'Nabarangpur', '', 1, '0000-00-00 00:00:00', '0000-00-00 00:00:00'),
(403, 17, 'Nuapada', '', 1, '0000-00-00 00:00:00', '0000-00-00 00:00:00'),
(404, 17, 'Nayagarh', '', 1, '0000-00-00 00:00:00', '0000-00-00 00:00:00'),
(405, 17, 'Puri', '', 1, '0000-00-00 00:00:00', '0000-00-00 00:00:00'),
(406, 17, 'Rayagada', '', 1, '0000-00-00 00:00:00', '0000-00-00 00:00:00'),
(407, 17, 'Sambalpur', '', 1, '0000-00-00 00:00:00', '0000-00-00 00:00:00'),
(408, 17, 'Subarnapur', '', 1, '0000-00-00 00:00:00', '0000-00-00 00:00:00'),
(409, 17, 'Sundargarh', '', 1, '0000-00-00 00:00:00', '0000-00-00 00:00:00'),
(410, 27, 'Karaikal', '', 1, '0000-00-00 00:00:00', '0000-00-00 00:00:00'),
(411, 27, 'Mahe', '', 1, '0000-00-00 00:00:00', '0000-00-00 00:00:00'),
(412, 27, 'Puducherry', '', 1, '0000-00-00 00:00:00', '0000-00-00 00:00:00'),
(413, 27, 'Yanam', '', 1, '0000-00-00 00:00:00', '0000-00-00 00:00:00'),
(414, 18, 'Amritsar', '', 1, '0000-00-00 00:00:00', '0000-00-00 00:00:00'),
(415, 18, 'Bathinda', '', 1, '0000-00-00 00:00:00', '0000-00-00 00:00:00'),
(416, 18, 'Firozpur', '', 1, '0000-00-00 00:00:00', '0000-00-00 00:00:00'),
(417, 18, 'Faridkot', '', 1, '0000-00-00 00:00:00', '0000-00-00 00:00:00'),
(418, 18, 'Fatehgarh Sahib', '', 1, '0000-00-00 00:00:00', '0000-00-00 00:00:00'),
(419, 18, 'Gurdaspur', '', 1, '0000-00-00 00:00:00', '0000-00-00 00:00:00'),
(420, 18, 'Hoshiarpur', '', 1, '0000-00-00 00:00:00', '0000-00-00 00:00:00'),
(421, 18, 'Jalandhar', '', 1, '0000-00-00 00:00:00', '0000-00-00 00:00:00'),
(422, 18, 'Kapurthala', '', 1, '0000-00-00 00:00:00', '0000-00-00 00:00:00'),
(423, 18, 'Ludhiana', '', 1, '0000-00-00 00:00:00', '0000-00-00 00:00:00'),
(424, 18, 'Mansa', '', 1, '0000-00-00 00:00:00', '0000-00-00 00:00:00'),
(425, 18, 'Moga', '', 1, '0000-00-00 00:00:00', '0000-00-00 00:00:00'),
(426, 18, 'Mukatsar', '', 1, '0000-00-00 00:00:00', '0000-00-00 00:00:00'),
(427, 18, 'Nawan Shehar', '', 1, '0000-00-00 00:00:00', '0000-00-00 00:00:00'),
(428, 18, 'Patiala', '', 1, '0000-00-00 00:00:00', '0000-00-00 00:00:00'),
(429, 18, 'Rupnagar', '', 1, '0000-00-00 00:00:00', '0000-00-00 00:00:00'),
(430, 18, 'Sangrur', '', 1, '0000-00-00 00:00:00', '0000-00-00 00:00:00'),
(431, 19, 'Ajmer', '', 1, '0000-00-00 00:00:00', '0000-00-00 00:00:00'),
(432, 19, 'Alwar', '', 1, '0000-00-00 00:00:00', '0000-00-00 00:00:00'),
(433, 19, 'Bikaner', '', 1, '0000-00-00 00:00:00', '0000-00-00 00:00:00'),
(434, 19, 'Barmer', '', 1, '0000-00-00 00:00:00', '0000-00-00 00:00:00'),
(435, 19, 'Banswara', '', 1, '0000-00-00 00:00:00', '0000-00-00 00:00:00'),
(436, 19, 'Bharatpur', '', 1, '0000-00-00 00:00:00', '0000-00-00 00:00:00'),
(437, 19, 'Baran', '', 1, '0000-00-00 00:00:00', '0000-00-00 00:00:00'),
(438, 19, 'Bundi', '', 1, '0000-00-00 00:00:00', '0000-00-00 00:00:00'),
(439, 19, 'Bhilwara', '', 1, '0000-00-00 00:00:00', '0000-00-00 00:00:00'),
(440, 19, 'Churu', '', 1, '0000-00-00 00:00:00', '0000-00-00 00:00:00'),
(441, 19, 'Chittorgarh', '', 1, '0000-00-00 00:00:00', '0000-00-00 00:00:00'),
(442, 19, 'Dausa', '', 1, '0000-00-00 00:00:00', '0000-00-00 00:00:00'),
(443, 19, 'Dholpur', '', 1, '0000-00-00 00:00:00', '0000-00-00 00:00:00'),
(444, 19, 'Dungapur', '', 1, '0000-00-00 00:00:00', '0000-00-00 00:00:00'),
(445, 19, 'Ganganagar', '', 1, '0000-00-00 00:00:00', '0000-00-00 00:00:00'),
(446, 19, 'Hanumangarh', '', 1, '0000-00-00 00:00:00', '0000-00-00 00:00:00'),
(447, 19, 'Juhnjhunun', '', 1, '0000-00-00 00:00:00', '0000-00-00 00:00:00'),
(448, 19, 'Jalore', '', 1, '0000-00-00 00:00:00', '0000-00-00 00:00:00'),
(449, 19, 'Jodhpur', '', 1, '0000-00-00 00:00:00', '0000-00-00 00:00:00'),
(450, 19, 'Jaipur', '', 1, '0000-00-00 00:00:00', '0000-00-00 00:00:00'),
(451, 19, 'Jaisalmer', '', 1, '0000-00-00 00:00:00', '0000-00-00 00:00:00'),
(452, 19, 'Jhalawar', '', 1, '0000-00-00 00:00:00', '0000-00-00 00:00:00'),
(453, 19, 'Karauli', '', 1, '0000-00-00 00:00:00', '0000-00-00 00:00:00'),
(454, 19, 'Kota', '', 1, '0000-00-00 00:00:00', '0000-00-00 00:00:00'),
(455, 19, 'Nagaur', '', 1, '0000-00-00 00:00:00', '0000-00-00 00:00:00'),
(456, 19, 'Pali', '', 1, '0000-00-00 00:00:00', '0000-00-00 00:00:00'),
(457, 19, 'Pratapgarh', '', 1, '0000-00-00 00:00:00', '0000-00-00 00:00:00'),
(458, 19, 'Rajsamand', '', 1, '0000-00-00 00:00:00', '0000-00-00 00:00:00'),
(459, 19, 'Sikar', '', 1, '0000-00-00 00:00:00', '0000-00-00 00:00:00'),
(460, 19, 'Sawai Madhopur', '', 1, '0000-00-00 00:00:00', '0000-00-00 00:00:00'),
(461, 19, 'Sirohi', '', 1, '0000-00-00 00:00:00', '0000-00-00 00:00:00'),
(462, 19, 'Tonk', '', 1, '0000-00-00 00:00:00', '0000-00-00 00:00:00'),
(463, 19, 'Udaipur', '', 1, '0000-00-00 00:00:00', '0000-00-00 00:00:00'),
(464, 20, 'East Sikkim', '', 1, '0000-00-00 00:00:00', '0000-00-00 00:00:00'),
(465, 20, 'North Sikkim', '', 1, '0000-00-00 00:00:00', '0000-00-00 00:00:00'),
(466, 20, 'South Sikkim', '', 1, '0000-00-00 00:00:00', '0000-00-00 00:00:00'),
(467, 20, 'West Sikkim', '', 1, '0000-00-00 00:00:00', '0000-00-00 00:00:00'),
(468, 21, 'Ariyalur', '', 1, '0000-00-00 00:00:00', '0000-00-00 00:00:00'),
(469, 21, 'Chennai', '', 1, '0000-00-00 00:00:00', '0000-00-00 00:00:00'),
(470, 21, 'Coimbatore', '', 1, '0000-00-00 00:00:00', '0000-00-00 00:00:00'),
(471, 21, 'Cuddalore', '', 1, '0000-00-00 00:00:00', '0000-00-00 00:00:00'),
(472, 21, 'Dharmapuri', '', 1, '0000-00-00 00:00:00', '0000-00-00 00:00:00'),
(473, 21, 'Dindigul', '', 1, '0000-00-00 00:00:00', '0000-00-00 00:00:00'),
(474, 21, 'Erode', '', 1, '0000-00-00 00:00:00', '0000-00-00 00:00:00'),
(475, 21, 'Kanchipuram', '', 1, '0000-00-00 00:00:00', '0000-00-00 00:00:00'),
(476, 21, 'Kanyakumari', '', 1, '0000-00-00 00:00:00', '0000-00-00 00:00:00'),
(477, 21, 'Karur', '', 1, '0000-00-00 00:00:00', '0000-00-00 00:00:00'),
(478, 21, 'Madurai', '', 1, '0000-00-00 00:00:00', '0000-00-00 00:00:00'),
(479, 21, 'Nagapattinam', '', 1, '0000-00-00 00:00:00', '0000-00-00 00:00:00'),
(480, 21, 'The Nilgiris', '', 1, '0000-00-00 00:00:00', '0000-00-00 00:00:00'),
(481, 21, 'Namakkal', '', 1, '0000-00-00 00:00:00', '0000-00-00 00:00:00'),
(482, 21, 'Perambalur', '', 1, '0000-00-00 00:00:00', '0000-00-00 00:00:00'),
(483, 21, 'Pudukkottai', '', 1, '0000-00-00 00:00:00', '0000-00-00 00:00:00'),
(484, 21, 'Ramanathapuram', '', 1, '0000-00-00 00:00:00', '0000-00-00 00:00:00'),
(485, 21, 'Salem', '', 1, '0000-00-00 00:00:00', '0000-00-00 00:00:00'),
(486, 21, 'Sivagangai', '', 1, '0000-00-00 00:00:00', '0000-00-00 00:00:00'),
(487, 21, 'Tiruppur', '', 1, '0000-00-00 00:00:00', '0000-00-00 00:00:00'),
(488, 21, 'Tiruchirappalli', '', 1, '0000-00-00 00:00:00', '0000-00-00 00:00:00'),
(489, 21, 'Theni', '', 1, '0000-00-00 00:00:00', '0000-00-00 00:00:00'),
(490, 21, 'Tirunelveli', '', 1, '0000-00-00 00:00:00', '0000-00-00 00:00:00'),
(491, 21, 'Thanjavur', '', 1, '0000-00-00 00:00:00', '0000-00-00 00:00:00'),
(492, 21, 'Thoothukudi', '', 1, '0000-00-00 00:00:00', '0000-00-00 00:00:00'),
(493, 21, 'Thiruvallur', '', 1, '0000-00-00 00:00:00', '0000-00-00 00:00:00'),
(494, 21, 'Thiruvarur', '', 1, '0000-00-00 00:00:00', '0000-00-00 00:00:00'),
(495, 21, 'Tiruvannamalai', '', 1, '0000-00-00 00:00:00', '0000-00-00 00:00:00'),
(496, 21, 'Vellore', '', 1, '0000-00-00 00:00:00', '0000-00-00 00:00:00'),
(497, 21, 'Villupuram', '', 1, '0000-00-00 00:00:00', '0000-00-00 00:00:00'),
(498, 22, 'Dhalai', '', 1, '0000-00-00 00:00:00', '0000-00-00 00:00:00'),
(499, 22, 'North Tripura', '', 1, '0000-00-00 00:00:00', '0000-00-00 00:00:00'),
(500, 22, 'South Tripura', '', 1, '0000-00-00 00:00:00', '0000-00-00 00:00:00'),
(501, 22, 'West Tripura', '', 1, '0000-00-00 00:00:00', '0000-00-00 00:00:00'),
(502, 33, 'Almora', '', 1, '0000-00-00 00:00:00', '0000-00-00 00:00:00'),
(503, 33, 'Bageshwar', '', 1, '0000-00-00 00:00:00', '0000-00-00 00:00:00'),
(504, 33, 'Chamoli', '', 1, '0000-00-00 00:00:00', '0000-00-00 00:00:00'),
(505, 33, 'Champawat', '', 1, '0000-00-00 00:00:00', '0000-00-00 00:00:00'),
(506, 33, 'Dehradun', '', 1, '0000-00-00 00:00:00', '0000-00-00 00:00:00'),
(507, 33, 'Haridwar', '', 1, '0000-00-00 00:00:00', '0000-00-00 00:00:00'),
(508, 33, 'Nainital', '', 1, '0000-00-00 00:00:00', '0000-00-00 00:00:00'),
(509, 33, 'Pauri Garhwal', '', 1, '0000-00-00 00:00:00', '0000-00-00 00:00:00'),
(510, 33, 'Pithoragharh', '', 1, '0000-00-00 00:00:00', '0000-00-00 00:00:00'),
(511, 33, 'Rudraprayag', '', 1, '0000-00-00 00:00:00', '0000-00-00 00:00:00'),
(512, 33, 'Tehri Garhwal', '', 1, '0000-00-00 00:00:00', '0000-00-00 00:00:00'),
(513, 33, 'Udham Singh Nagar', '', 1, '0000-00-00 00:00:00', '0000-00-00 00:00:00'),
(514, 33, 'Uttarkashi', '', 1, '0000-00-00 00:00:00', '0000-00-00 00:00:00'),
(515, 23, 'Agra', '', 1, '0000-00-00 00:00:00', '0000-00-00 00:00:00'),
(516, 23, 'Allahabad', '', 1, '0000-00-00 00:00:00', '0000-00-00 00:00:00'),
(517, 23, 'Aligarh', '', 1, '0000-00-00 00:00:00', '0000-00-00 00:00:00'),
(518, 23, 'Ambedkar Nagar', '', 1, '0000-00-00 00:00:00', '0000-00-00 00:00:00'),
(519, 23, 'Auraiya', '', 1, '0000-00-00 00:00:00', '0000-00-00 00:00:00'),
(520, 23, 'Azamgarh', '', 1, '0000-00-00 00:00:00', '0000-00-00 00:00:00'),
(521, 23, 'Barabanki', '', 1, '0000-00-00 00:00:00', '0000-00-00 00:00:00'),
(522, 23, 'Badaun', '', 1, '0000-00-00 00:00:00', '0000-00-00 00:00:00'),
(523, 23, 'Bagpat', '', 1, '0000-00-00 00:00:00', '0000-00-00 00:00:00'),
(524, 23, 'Bahraich', '', 1, '0000-00-00 00:00:00', '0000-00-00 00:00:00'),
(525, 23, 'Bijnor', '', 1, '0000-00-00 00:00:00', '0000-00-00 00:00:00'),
(526, 23, 'Ballia', '', 1, '0000-00-00 00:00:00', '0000-00-00 00:00:00'),
(527, 23, 'Banda', '', 1, '0000-00-00 00:00:00', '0000-00-00 00:00:00'),
(528, 23, 'Balrampur', '', 1, '0000-00-00 00:00:00', '0000-00-00 00:00:00'),
(529, 23, 'Bareilly', '', 1, '0000-00-00 00:00:00', '0000-00-00 00:00:00'),
(530, 23, 'Basti', '', 1, '0000-00-00 00:00:00', '0000-00-00 00:00:00'),
(531, 23, 'Bulandshahr', '', 1, '0000-00-00 00:00:00', '0000-00-00 00:00:00'),
(532, 23, 'Chandauli', '', 1, '0000-00-00 00:00:00', '0000-00-00 00:00:00'),
(533, 23, 'Chitrakoot', '', 1, '0000-00-00 00:00:00', '0000-00-00 00:00:00'),
(534, 23, 'Deoria', '', 1, '0000-00-00 00:00:00', '0000-00-00 00:00:00'),
(535, 23, 'Etah', '', 1, '0000-00-00 00:00:00', '0000-00-00 00:00:00'),
(536, 23, 'Kanshiram Nagar', '', 1, '0000-00-00 00:00:00', '0000-00-00 00:00:00'),
(537, 23, 'Etawah', '', 1, '0000-00-00 00:00:00', '0000-00-00 00:00:00'),
(538, 23, 'Firozabad', '', 1, '0000-00-00 00:00:00', '0000-00-00 00:00:00'),
(539, 23, 'Farrukhabad', '', 1, '0000-00-00 00:00:00', '0000-00-00 00:00:00'),
(540, 23, 'Fatehpur', '', 1, '0000-00-00 00:00:00', '0000-00-00 00:00:00'),
(541, 23, 'Faizabad', '', 1, '0000-00-00 00:00:00', '0000-00-00 00:00:00'),
(542, 23, 'Gautam Buddha Nagar', '', 1, '0000-00-00 00:00:00', '0000-00-00 00:00:00'),
(543, 23, 'Gonda', '', 1, '0000-00-00 00:00:00', '0000-00-00 00:00:00'),
(544, 23, 'Ghazipur', '', 1, '0000-00-00 00:00:00', '0000-00-00 00:00:00'),
(545, 23, 'Gorkakhpur', '', 1, '0000-00-00 00:00:00', '0000-00-00 00:00:00'),
(546, 23, 'Ghaziabad', '', 1, '0000-00-00 00:00:00', '0000-00-00 00:00:00'),
(547, 23, 'Hamirpur', '', 1, '0000-00-00 00:00:00', '0000-00-00 00:00:00'),
(548, 23, 'Hardoi', '', 1, '0000-00-00 00:00:00', '0000-00-00 00:00:00'),
(549, 23, 'Mahamaya Nagar', '', 1, '0000-00-00 00:00:00', '0000-00-00 00:00:00'),
(550, 23, 'Jhansi', '', 1, '0000-00-00 00:00:00', '0000-00-00 00:00:00'),
(551, 23, 'Jalaun', '', 1, '0000-00-00 00:00:00', '0000-00-00 00:00:00'),
(552, 23, 'Jyotiba Phule Nagar', '', 1, '0000-00-00 00:00:00', '0000-00-00 00:00:00'),
(553, 23, 'Jaunpur District', '', 1, '0000-00-00 00:00:00', '0000-00-00 00:00:00'),
(554, 23, 'Kanpur Dehat', '', 1, '0000-00-00 00:00:00', '0000-00-00 00:00:00'),
(555, 23, 'Kannauj', '', 1, '0000-00-00 00:00:00', '0000-00-00 00:00:00'),
(556, 23, 'Kanpur Nagar', '', 1, '0000-00-00 00:00:00', '0000-00-00 00:00:00'),
(557, 23, 'Kaushambi', '', 1, '0000-00-00 00:00:00', '0000-00-00 00:00:00'),
(558, 23, 'Kushinagar', '', 1, '0000-00-00 00:00:00', '0000-00-00 00:00:00'),
(559, 23, 'Lalitpur', '', 1, '0000-00-00 00:00:00', '0000-00-00 00:00:00'),
(560, 23, 'Lakhimpur Kheri', '', 1, '0000-00-00 00:00:00', '0000-00-00 00:00:00'),
(561, 23, 'Lucknow', '', 1, '0000-00-00 00:00:00', '0000-00-00 00:00:00'),
(562, 23, 'Mau', '', 1, '0000-00-00 00:00:00', '0000-00-00 00:00:00'),
(563, 23, 'Meerut', '', 1, '0000-00-00 00:00:00', '0000-00-00 00:00:00'),
(564, 23, 'Maharajganj', '', 1, '0000-00-00 00:00:00', '0000-00-00 00:00:00'),
(565, 23, 'Mahoba', '', 1, '0000-00-00 00:00:00', '0000-00-00 00:00:00'),
(566, 23, 'Mirzapur', '', 1, '0000-00-00 00:00:00', '0000-00-00 00:00:00'),
(567, 23, 'Moradabad', '', 1, '0000-00-00 00:00:00', '0000-00-00 00:00:00'),
(568, 23, 'Mainpuri', '', 1, '0000-00-00 00:00:00', '0000-00-00 00:00:00'),
(569, 23, 'Mathura', '', 1, '0000-00-00 00:00:00', '0000-00-00 00:00:00'),
(570, 23, 'Muzaffarnagar', '', 1, '0000-00-00 00:00:00', '0000-00-00 00:00:00'),
(571, 23, 'Pilibhit', '', 1, '0000-00-00 00:00:00', '0000-00-00 00:00:00'),
(572, 23, 'Pratapgarh', '', 1, '0000-00-00 00:00:00', '0000-00-00 00:00:00'),
(573, 23, 'Rampur', '', 1, '0000-00-00 00:00:00', '0000-00-00 00:00:00'),
(574, 23, 'Rae Bareli', '', 1, '0000-00-00 00:00:00', '0000-00-00 00:00:00'),
(575, 23, 'Saharanpur', '', 1, '0000-00-00 00:00:00', '0000-00-00 00:00:00'),
(576, 23, 'Sitapur', '', 1, '0000-00-00 00:00:00', '0000-00-00 00:00:00'),
(577, 23, 'Shahjahanpur', '', 1, '0000-00-00 00:00:00', '0000-00-00 00:00:00'),
(578, 23, 'Sant Kabir Nagar', '', 1, '0000-00-00 00:00:00', '0000-00-00 00:00:00'),
(579, 23, 'Siddharthnagar', '', 1, '0000-00-00 00:00:00', '0000-00-00 00:00:00'),
(580, 23, 'Sonbhadra', '', 1, '0000-00-00 00:00:00', '0000-00-00 00:00:00'),
(581, 23, 'Sant Ravidas Nagar', '', 1, '0000-00-00 00:00:00', '0000-00-00 00:00:00'),
(582, 23, 'Sultanpur', '', 1, '0000-00-00 00:00:00', '0000-00-00 00:00:00'),
(583, 23, 'Shravasti', '', 1, '0000-00-00 00:00:00', '0000-00-00 00:00:00'),
(584, 23, 'Unnao', '', 1, '0000-00-00 00:00:00', '0000-00-00 00:00:00'),
(585, 23, 'Varanasi', '', 1, '0000-00-00 00:00:00', '0000-00-00 00:00:00'),
(586, 24, 'Birbhum', '', 1, '0000-00-00 00:00:00', '0000-00-00 00:00:00'),
(587, 24, 'Bankura', '', 1, '0000-00-00 00:00:00', '0000-00-00 00:00:00'),
(588, 24, 'Bardhaman', '', 1, '0000-00-00 00:00:00', '0000-00-00 00:00:00'),
(589, 24, 'Darjeeling', '', 1, '0000-00-00 00:00:00', '0000-00-00 00:00:00'),
(590, 24, 'Dakshin Dinajpur', '', 1, '0000-00-00 00:00:00', '0000-00-00 00:00:00'),
(591, 24, 'Hooghly', '', 1, '0000-00-00 00:00:00', '0000-00-00 00:00:00'),
(592, 24, 'Howrah', '', 1, '0000-00-00 00:00:00', '0000-00-00 00:00:00'),
(593, 24, 'Jalpaiguri', '', 1, '0000-00-00 00:00:00', '0000-00-00 00:00:00'),
(594, 24, 'Cooch Behar', '', 1, '0000-00-00 00:00:00', '0000-00-00 00:00:00'),
(595, 24, 'Kolkata', '', 1, '0000-00-00 00:00:00', '0000-00-00 00:00:00'),
(596, 24, 'Malda', '', 1, '0000-00-00 00:00:00', '0000-00-00 00:00:00'),
(597, 24, 'Midnapore', '', 1, '0000-00-00 00:00:00', '0000-00-00 00:00:00'),
(598, 24, 'Murshidabad', '', 1, '0000-00-00 00:00:00', '0000-00-00 00:00:00'),
(599, 24, 'Nadia', '', 1, '0000-00-00 00:00:00', '0000-00-00 00:00:00'),
(600, 24, 'North 24 Parganas', '', 1, '0000-00-00 00:00:00', '0000-00-00 00:00:00'),
(601, 24, 'South 24 Parganas', '', 1, '0000-00-00 00:00:00', '0000-00-00 00:00:00'),
(602, 24, 'Purulia', '', 1, '0000-00-00 00:00:00', '0000-00-00 00:00:00'),
(603, 24, 'Uttar Dinajpur', '', 1, '0000-00-00 00:00:00', '0000-00-00 00:00:00');

-- --------------------------------------------------------

--
-- Table structure for table `color`
--

CREATE TABLE `color` (
  `id` int(11) NOT NULL,
  `name` text NOT NULL,
  `slug` text NOT NULL,
  `color_code` text NOT NULL,
  `status` int(11) NOT NULL,
  `addeddate` datetime NOT NULL,
  `modifieddate` datetime NOT NULL
) ENGINE=InnoDB DEFAULT CHARSET=utf8mb4 COLLATE=utf8mb4_general_ci;

-- --------------------------------------------------------

--
-- Table structure for table `contact`
--

CREATE TABLE `contact` (
  `id` int(11) NOT NULL,
  `user_id` int(11) NOT NULL,
  `name` text NOT NULL,
  `email` text NOT NULL,
  `mobile` text NOT NULL,
  `subject` text NOT NULL,
  `message` text NOT NULL,
  `addeddate` datetime NOT NULL
) ENGINE=InnoDB DEFAULT CHARSET=utf8mb4 COLLATE=utf8mb4_unicode_ci;

--
-- Dumping data for table `contact`
--

INSERT INTO `contact` (`id`, `user_id`, `name`, `email`, `mobile`, `subject`, `message`, `addeddate`) VALUES
(1, 31, 'wol 1', 'wol1@gmail.com', '123456789', 'Test', 'teste ete st', '2024-08-24 14:18:28'),
(2, 31, 'Azmal', 'azmal@gmail.com', '1234567890', 'test', 'test', '2024-09-11 00:00:00'),
(3, 31, 'Azmal', 'azmal@gmail.com', '1234567890', 'enwuiry', 'messgae', '2024-09-11 00:00:00'),
(4, 31, 'Azmal', 'azmal@gmail.com', '1234567890', 'wer', 'test', '2024-09-11 11:26:03');

-- --------------------------------------------------------

--
-- Table structure for table `coupen_code`
--

CREATE TABLE `coupen_code` (
  `id` int(11) NOT NULL,
  `name` varchar(500) NOT NULL,
  `slug` text NOT NULL,
  `amount` varchar(110) NOT NULL,
  `type` int(11) NOT NULL,
  `coupen_type` int(1) NOT NULL COMMENT '1=checkout, 2 =product',
  `p_id` text DEFAULT NULL,
  `expirey_date` date NOT NULL,
  `status` int(11) NOT NULL,
  `addeddate` datetime NOT NULL,
  `modifieddate` datetime NOT NULL
) ENGINE=InnoDB DEFAULT CHARSET=utf8 COLLATE=utf8_general_ci;

--
-- Dumping data for table `coupen_code`
--

INSERT INTO `coupen_code` (`id`, `name`, `slug`, `amount`, `type`, `coupen_type`, `p_id`, `expirey_date`, `status`, `addeddate`, `modifieddate`) VALUES
(12, 'azmal', 'azmal', '10', 1, 2, '[{\"p_id\":\"4\",\"name\":\"azmal\",\"amount\":\"10\",\"type\":\"1\",\"coupen_type\":\"2\",\"expirey_date\":\"2025-01-29\"},{\"p_id\":\"7\",\"name\":\"azmal\",\"amount\":\"10\",\"type\":\"1\",\"coupen_type\":\"2\",\"expirey_date\":\"2025-01-29\"},{\"p_id\":\"9\",\"name\":\"azmal\",\"amount\":\"10\",\"type\":\"1\",\"coupen_type\":\"2\",\"expirey_date\":\"2025-01-29\"},{\"p_id\":\"12\",\"name\":\"azmal\",\"amount\":\"10\",\"type\":\"1\",\"coupen_type\":\"2\",\"expirey_date\":\"2025-01-29\"}]', '2025-01-29', 1, '2024-09-11 18:25:47', '2024-09-19 11:15:56'),
(13, 'admin', 'admin', '10', 2, 1, '', '2025-01-29', 1, '2024-09-11 18:32:04', '2024-09-19 11:15:40'),
(14, 'azmal123', 'azmal123', '20', 2, 1, '', '2024-09-28', 1, '2024-09-19 11:20:12', '0000-00-00 00:00:00');

-- --------------------------------------------------------

--
-- Table structure for table `coupen_product_wise`
--

CREATE TABLE `coupen_product_wise` (
  `id` int(11) NOT NULL,
  `coupon_id` int(11) NOT NULL,
  `p_id` int(11) NOT NULL,
  `name` text NOT NULL,
  `amount` text NOT NULL,
  `type` int(11) NOT NULL,
  `coupen_type` int(1) NOT NULL,
  `expirey_date` date NOT NULL
) ENGINE=InnoDB DEFAULT CHARSET=utf8 COLLATE=utf8_general_ci;

-- --------------------------------------------------------

--
-- Table structure for table `game`
--

CREATE TABLE `game` (
  `id` int(11) NOT NULL,
  `name` text NOT NULL,
  `slug` text NOT NULL,
  `status` int(11) NOT NULL,
  `addeddate` datetime NOT NULL,
  `modifieddate` datetime NOT NULL
) ENGINE=InnoDB DEFAULT CHARSET=utf8mb4 COLLATE=utf8mb4_unicode_ci;

--
-- Dumping data for table `game`
--

INSERT INTO `game` (`id`, `name`, `slug`, `status`, `addeddate`, `modifieddate`) VALUES
(1, '30 Sec', '', 1, '2024-11-05 13:37:37', '2024-11-05 13:37:37'),
(2, '1 Min', '', 1, '2024-11-05 13:37:37', '2024-11-05 13:37:37'),
(3, '3 Min', '', 1, '2024-11-05 13:37:52', '2024-11-05 13:37:52'),
(4, '5 Min', '', 1, '2024-11-05 13:37:52', '2024-11-05 13:37:52');

-- --------------------------------------------------------

--
-- Table structure for table `login_details`
--

CREATE TABLE `login_details` (
  `id` int(11) NOT NULL,
  `user_id` text NOT NULL,
  `device_id` text NOT NULL,
  `ip_address` text NOT NULL,
  `login_date` date NOT NULL,
  `login_time` time NOT NULL,
  `username` text NOT NULL,
  `password` text NOT NULL,
  `logout_date` date DEFAULT NULL,
  `logout_time` time DEFAULT NULL,
  `login_status` int(11) NOT NULL COMMENT '0=login,1=logout,'
) ENGINE=InnoDB DEFAULT CHARSET=utf8mb4 COLLATE=utf8mb4_general_ci;

--
-- Dumping data for table `login_details`
--

INSERT INTO `login_details` (`id`, `user_id`, `device_id`, `ip_address`, `login_date`, `login_time`, `username`, `password`, `logout_date`, `logout_time`, `login_status`) VALUES
(31, '2', '672b04574602e::1', '::1', '2024-11-06', '11:23:27', 'admin', 'admin', NULL, NULL, 0);

-- --------------------------------------------------------

--
-- Table structure for table `login_history`
--

CREATE TABLE `login_history` (
  `id` int(11) NOT NULL,
  `user_id` varchar(50) NOT NULL,
  `role` int(1) NOT NULL,
  `ip_address` varchar(250) NOT NULL,
  `date` date NOT NULL,
  `time` time NOT NULL,
  `device_id` text DEFAULT NULL,
  `firebase_token` text DEFAULT NULL,
  `access_token` text NOT NULL,
  `device` text NOT NULL,
  `status` int(10) NOT NULL,
  `password` varchar(50) NOT NULL,
  `testkey` varchar(50) NOT NULL
) ENGINE=InnoDB DEFAULT CHARSET=utf8mb4 COLLATE=utf8mb4_unicode_520_ci;

--
-- Dumping data for table `login_history`
--

INSERT INTO `login_history` (`id`, `user_id`, `role`, `ip_address`, `date`, `time`, `device_id`, `firebase_token`, `access_token`, `device`, `status`, `password`, `testkey`) VALUES
(62, '37', 1, '::1', '2024-11-05', '18:04:38', '12312', '23', 'WlhsS01XTXlWbmxZTW14clNXcHZhVTE2WTJsTVEwcDNXVmhPZW1ReU9YbGFRMGsyU1dwRmVVMTZVVEZPYVVselNXMW9kbVJZU25wSmFtOHdUME4zYVZwSFJqQmFWamt3WVZjeGJFbHFiMmxOYWtGNVRrTXdlRTFUTUhkT1UwRjRUMFJ2ZDA1RWIzcFBRMGx6U1c1S2RtSkhWV2xQYVVsNFNXbDNhVnBIVmpKaFYwNXNXREpzYTBscWIybE5WRWw2VFZSSmFXWlJQVDA9', '', 1, '123456', ''),
(63, '37', 1, '::1', '2024-11-06', '11:08:19', '', '', 'WlhsS01XTXlWbmxZTW14clNXcHZhVTE2WTJsTVEwcDNXVmhPZW1ReU9YbGFRMGsyU1dwRmVVMTZVVEZPYVVselNXMW9kbVJZU25wSmFtOHdUME4zYVZwSFJqQmFWamt3WVZjeGJFbHFiMmxOYWtGNVRrTXdlRTFUTUhkT2FVRjRUVlJ2ZDA5RWIzaFBVMGx6U1c1S2RtSkhWV2xQYVVsNFNXbDNhVnBIVmpKaFYwNXNXREpzYTBscWIybEpiakE5', '', 1, '123456', ''),
(64, '37', 1, '::1', '2024-11-06', '11:08:33', '132123', '2123', 'WlhsS01XTXlWbmxZTW14clNXcHZhVTE2WTJsTVEwcDNXVmhPZW1ReU9YbGFRMGsyU1dwRmVVMTZVVEZPYVVselNXMW9kbVJZU25wSmFtOHdUME4zYVZwSFJqQmFWamt3WVZjeGJFbHFiMmxOYWtGNVRrTXdlRTFUTUhkT2FVRjRUVlJ2ZDA5RWIzcE5lVWx6U1c1S2RtSkhWV2xQYVVsNFNXbDNhVnBIVmpKaFYwNXNXREpzYTBscWIybE5WRTE1VFZSSmVrbHVNRDA9', '', 0, '123456', ''),
(65, '37', 1, '::1', '2024-11-06', '11:43:32', '132123', '', 'WlhsS01XTXlWbmxZTW14clNXcHZhVTE2WTJsTVEwcDNXVmhPZW1ReU9YbGFRMGsyU1dwRmVVMTZVVEZPYVVselNXMW9kbVJZU25wSmFtOHdUME4zYVZwSFJqQmFWamt3WVZjeGJFbHFiMmxOYWtGNVRrTXdlRTFUTUhkT2FVRjRUVlJ2TUUxNmIzcE5hVWx6U1c1S2RtSkhWV2xQYVVsNFNXbDNhVnBIVmpKaFYwNXNXREpzYTBscWIybE5WRTE1VFZSSmVrbHVNRDA9', '', 0, '123456', ''),
(66, '37', 1, '::1', '2024-11-06', '11:44:01', '132123', '', 'WlhsS01XTXlWbmxZTW14clNXcHZhVTE2WTJsTVEwcDNXVmhPZW1ReU9YbGFRMGsyU1dwRmVVMTZVVEZPYVVselNXMW9kbVJZU25wSmFtOHdUME4zYVZwSFJqQmFWamt3WVZjeGJFbHFiMmxOYWtGNVRrTXdlRTFUTUhkT2FVRjRUVlJ2TUU1RWIzZE5VMGx6U1c1S2RtSkhWV2xQYVVsNFNXbDNhVnBIVmpKaFYwNXNXREpzYTBscWIybE5WRTE1VFZSSmVrbHVNRDA9', '', 0, '123456', '');

-- --------------------------------------------------------

--
-- Table structure for table `meta_tags`
--

CREATE TABLE `meta_tags` (
  `id` int(11) NOT NULL,
  `page_name` varchar(150) DEFAULT NULL,
  `meta_title` text DEFAULT NULL,
  `meta_auther` varchar(150) DEFAULT NULL,
  `meta_keyword` text DEFAULT NULL,
  `meta_description` text DEFAULT NULL,
  `slug` text DEFAULT NULL,
  `add_date_time` datetime DEFAULT NULL,
  `update_date_time` datetime DEFAULT NULL,
  `update_history` text DEFAULT NULL,
  `is_delete` int(2) DEFAULT NULL,
  `status` int(2) DEFAULT NULL,
  `type` int(5) NOT NULL
) ENGINE=InnoDB DEFAULT CHARSET=utf8mb4 COLLATE=utf8mb4_general_ci;

-- --------------------------------------------------------

--
-- Table structure for table `multipleimage`
--

CREATE TABLE `multipleimage` (
  `id` int(11) NOT NULL,
  `title` text NOT NULL,
  `multiple_image_json` text NOT NULL,
  `single_image` text NOT NULL,
  `multiple_images` text NOT NULL,
  `status` int(11) NOT NULL,
  `addeddate` text NOT NULL,
  `modifieddate` text NOT NULL
) ENGINE=InnoDB DEFAULT CHARSET=utf8mb4 COLLATE=utf8mb4_unicode_ci;

-- --------------------------------------------------------

--
-- Table structure for table `notification`
--

CREATE TABLE `notification` (
  `id` int(11) NOT NULL,
  `type` int(11) NOT NULL COMMENT '1=Notification,2=app notificatioon',
  `adddate` date NOT NULL,
  `title` text NOT NULL,
  `message` text NOT NULL,
  `status` int(11) NOT NULL,
  `addeddate` datetime NOT NULL,
  `modifieddate` datetime NOT NULL
) ENGINE=InnoDB DEFAULT CHARSET=utf8mb4 COLLATE=utf8mb4_unicode_ci;

--
-- Dumping data for table `notification`
--

INSERT INTO `notification` (`id`, `type`, `adddate`, `title`, `message`, `status`, `addeddate`, `modifieddate`) VALUES
(1, 1, '2024-09-17', 'Hello', 'Get 10% cashback for the next top up', 1, '2024-09-18 16:38:47', '2024-09-18 16:57:45'),
(2, 1, '2024-09-18', 'Free Cashback 15%', 'Get 15% cashback on your next purchase', 1, '2024-09-18 17:02:24', '0000-00-00 00:00:00'),
(3, 1, '2024-09-16', 'Hello', 'Get 10% cashback for the next top up', 1, '2024-09-18 16:38:47', '2024-09-18 16:57:45');

-- --------------------------------------------------------

--
-- Table structure for table `role`
--

CREATE TABLE `role` (
  `id` int(11) NOT NULL,
  `name` text NOT NULL,
  `slug` text NOT NULL,
  `role_access` longtext NOT NULL,
  `status` int(11) NOT NULL,
  `addeddate` datetime NOT NULL,
  `modifieddate` datetime NOT NULL
) ENGINE=InnoDB DEFAULT CHARSET=utf8mb4 COLLATE=utf8mb4_unicode_ci;

--
-- Dumping data for table `role`
--

INSERT INTO `role` (`id`, `name`, `slug`, `role_access`, `status`, `addeddate`, `modifieddate`) VALUES
(8, 'Sub Admin', 'sub-admin', '{\"main_access\":[\"0\",\"1\",\"2\",\"3\",\"11\",\"13\",\"14\"],\"inner_access\":[[\"1\"],[\"1\"],[\"4\"],[\"1\"],[],[],[],[],[],[],[],[\"1\"],[],[\"1\"],[\"1\"]]}', 1, '2024-08-24 17:03:02', '2024-09-20 11:00:44');

-- --------------------------------------------------------

--
-- Table structure for table `site_setting`
--

CREATE TABLE `site_setting` (
  `id` int(11) NOT NULL,
  `logo` text NOT NULL,
  `mobile` varchar(50) NOT NULL,
  `alt_mobile` varchar(50) NOT NULL,
  `email` varchar(100) NOT NULL,
  `alt_email` varchar(100) NOT NULL,
  `address` text NOT NULL,
  `facebook` text NOT NULL,
  `twitter` text NOT NULL,
  `instagram` text NOT NULL,
  `youtube` text NOT NULL,
  `map` text NOT NULL
) ENGINE=InnoDB DEFAULT CHARSET=utf8mb4 COLLATE=utf8mb4_unicode_ci;

--
-- Dumping data for table `site_setting`
--

INSERT INTO `site_setting` (`id`, `logo`, `mobile`, `alt_mobile`, `email`, `alt_email`, `address`, `facebook`, `twitter`, `instagram`, `youtube`, `map`) VALUES
(1, '1730872508.png', '9856472360', '9586741023', 'email@gmail.com', 'altemail@gmail.com', 'your address', 'https://www.facebook.com/', 'https://twitter.com/', 'https://www.instagram.com/', 'https://www.youtube.com/', '<iframe src=\"https://www.google.com/maps/embed?pb=!1m18!1m12!1m3!1d30767295.116023116!2d60.946027684017714!3d19.722272265144735!2m3!1f0!2f0!3f0!3m2!1i1024!2i768!4f13.1!3m3!1m2!1s0x30635ff06b92b791%3A0xd78c4fa1854213a6!2sIndia!5e0!3m2!1sen!2sin!4v1713167102172!5m2!1sen!2sin\" width=\"100%\" height=\"450\" style=\"border:0;\" allowfullscreen=\"\" loading=\"lazy\" referrerpolicy=\"no-referrer-when-downgrade\"></iframe>');

-- --------------------------------------------------------

--
-- Table structure for table `slider`
--

CREATE TABLE `slider` (
  `id` int(11) NOT NULL,
  `title` text NOT NULL,
  `sub_title` text NOT NULL,
  `slug` text NOT NULL,
  `image` text NOT NULL,
  `content` text NOT NULL,
  `status` int(11) NOT NULL,
  `addeddate` datetime NOT NULL,
  `modifieddate` datetime NOT NULL
) ENGINE=InnoDB DEFAULT CHARSET=utf8mb4 COLLATE=utf8mb4_general_ci;

--
-- Dumping data for table `slider`
--

INSERT INTO `slider` (`id`, `title`, `sub_title`, `slug`, `image`, `content`, `status`, `addeddate`, `modifieddate`) VALUES
(4, '', '', '', '1726034833.png', '', 1, '2024-09-11 11:37:13', '2024-09-11 11:38:05'),
(5, '', '', '', '1726034892.png', '', 1, '2024-09-11 11:38:12', '0000-00-00 00:00:00'),
(6, '', '', '', '1726035054.png', '', 1, '2024-09-11 11:40:54', '0000-00-00 00:00:00');

-- --------------------------------------------------------

--
-- Table structure for table `slugs`
--

CREATE TABLE `slugs` (
  `id` int(11) NOT NULL,
  `slug` text NOT NULL,
  `table_name` varchar(100) NOT NULL,
  `page_name` varchar(150) NOT NULL,
  `controller_name` varchar(150) NOT NULL,
  `p_id` bigint(20) NOT NULL
) ENGINE=InnoDB DEFAULT CHARSET=utf8mb4 COLLATE=utf8mb4_general_ci;

-- --------------------------------------------------------

--
-- Table structure for table `state`
--

CREATE TABLE `state` (
  `id` int(11) NOT NULL,
  `name` text NOT NULL,
  `slug` text NOT NULL,
  `country_id` int(11) NOT NULL,
  `status` int(11) NOT NULL,
  `addeddate` datetime NOT NULL,
  `modifieddate` datetime NOT NULL
) ENGINE=InnoDB DEFAULT CHARSET=utf8 COLLATE=utf8_general_ci;

--
-- Dumping data for table `state`
--

INSERT INTO `state` (`id`, `name`, `slug`, `country_id`, `status`, `addeddate`, `modifieddate`) VALUES
(1, 'ANDHRA PRADESH', '', 105, 1, '0000-00-00 00:00:00', '0000-00-00 00:00:00'),
(2, 'ASSAM', '', 105, 1, '0000-00-00 00:00:00', '0000-00-00 00:00:00'),
(3, 'ARUNACHAL PRADESH', '', 105, 1, '0000-00-00 00:00:00', '0000-00-00 00:00:00'),
(4, 'BIHAR', '', 105, 1, '0000-00-00 00:00:00', '0000-00-00 00:00:00'),
(5, 'GUJRAT', '', 105, 1, '0000-00-00 00:00:00', '0000-00-00 00:00:00'),
(6, 'HARYANA', '', 105, 1, '0000-00-00 00:00:00', '0000-00-00 00:00:00'),
(7, 'HIMACHAL PRADESH', '', 105, 1, '0000-00-00 00:00:00', '0000-00-00 00:00:00'),
(8, 'JAMMU & KASHMIR', '', 105, 1, '0000-00-00 00:00:00', '0000-00-00 00:00:00'),
(9, 'KARNATAKA', '', 105, 1, '0000-00-00 00:00:00', '0000-00-00 00:00:00'),
(10, 'KERALA', '', 105, 1, '0000-00-00 00:00:00', '0000-00-00 00:00:00'),
(11, 'MADHYA PRADESH', '', 105, 1, '0000-00-00 00:00:00', '0000-00-00 00:00:00'),
(12, 'MAHARASHTRA', '', 105, 1, '0000-00-00 00:00:00', '0000-00-00 00:00:00'),
(13, 'MANIPUR', '', 105, 1, '0000-00-00 00:00:00', '0000-00-00 00:00:00'),
(14, 'MEGHALAYA', '', 105, 1, '0000-00-00 00:00:00', '0000-00-00 00:00:00'),
(15, 'MIZORAM', '', 105, 1, '0000-00-00 00:00:00', '0000-00-00 00:00:00'),
(16, 'NAGALAND', '', 105, 1, '0000-00-00 00:00:00', '0000-00-00 00:00:00'),
(17, 'ORISSA', '', 105, 1, '0000-00-00 00:00:00', '0000-00-00 00:00:00'),
(18, 'PUNJAB', '', 105, 1, '0000-00-00 00:00:00', '0000-00-00 00:00:00'),
(19, 'RAJASTHAN', '', 105, 1, '0000-00-00 00:00:00', '0000-00-00 00:00:00'),
(20, 'SIKKIM', '', 105, 1, '0000-00-00 00:00:00', '0000-00-00 00:00:00'),
(21, 'TAMIL NADU', '', 105, 1, '0000-00-00 00:00:00', '0000-00-00 00:00:00'),
(22, 'TRIPURA', '', 105, 1, '0000-00-00 00:00:00', '0000-00-00 00:00:00'),
(23, 'UTTAR PRADESH', '', 105, 1, '0000-00-00 00:00:00', '0000-00-00 00:00:00'),
(24, 'WEST BENGAL', '', 105, 1, '0000-00-00 00:00:00', '0000-00-00 00:00:00'),
(25, 'DELHI', '', 105, 1, '0000-00-00 00:00:00', '0000-00-00 00:00:00'),
(26, 'GOA', '', 105, 1, '0000-00-00 00:00:00', '0000-00-00 00:00:00'),
(27, 'PONDICHERY', '', 105, 1, '0000-00-00 00:00:00', '0000-00-00 00:00:00'),
(28, 'LAKSHDWEEP', '', 105, 1, '0000-00-00 00:00:00', '0000-00-00 00:00:00'),
(29, 'DAMAN & DIU', '', 105, 1, '0000-00-00 00:00:00', '0000-00-00 00:00:00'),
(30, 'DADRA & NAGAR', '', 105, 1, '0000-00-00 00:00:00', '0000-00-00 00:00:00'),
(31, 'CHANDIGARH', '', 105, 1, '0000-00-00 00:00:00', '0000-00-00 00:00:00'),
(32, 'ANDAMAN & NICOBAR', '', 105, 1, '0000-00-00 00:00:00', '0000-00-00 00:00:00'),
(33, 'UTTARANCHAL', '', 105, 1, '0000-00-00 00:00:00', '0000-00-00 00:00:00'),
(34, 'JHARKHAND', '', 105, 1, '0000-00-00 00:00:00', '0000-00-00 00:00:00'),
(35, 'CHATTISGARH', '', 105, 1, '0000-00-00 00:00:00', '0000-00-00 00:00:00');

-- --------------------------------------------------------

--
-- Table structure for table `tbl_admin`
--

CREATE TABLE `tbl_admin` (
  `id` int(11) NOT NULL,
  `type` int(11) NOT NULL COMMENT '1=admin,2=subadmin',
  `role` int(11) NOT NULL,
  `access` text NOT NULL,
  `first_name` text NOT NULL,
  `last_name` text NOT NULL,
  `username` text NOT NULL,
  `password` text NOT NULL,
  `email` varchar(100) NOT NULL,
  `mobile` varchar(15) NOT NULL,
  `address` text NOT NULL,
  `image` text NOT NULL,
  `gender` text NOT NULL,
  `dob` text NOT NULL,
  `martial` text NOT NULL,
  `age` text NOT NULL,
  `country` text NOT NULL,
  `state` text NOT NULL,
  `hash_key` text DEFAULT NULL,
  `hash_expiry` datetime DEFAULT NULL,
  `status` int(11) NOT NULL,
  `addeddate` datetime DEFAULT NULL,
  `modifieddate` datetime DEFAULT NULL
) ENGINE=InnoDB DEFAULT CHARSET=utf8mb4 COLLATE=utf8mb4_unicode_ci;

--
-- Dumping data for table `tbl_admin`
--

INSERT INTO `tbl_admin` (`id`, `type`, `role`, `access`, `first_name`, `last_name`, `username`, `password`, `email`, `mobile`, `address`, `image`, `gender`, `dob`, `martial`, `age`, `country`, `state`, `hash_key`, `hash_expiry`, `status`, `addeddate`, `modifieddate`) VALUES
(1, 1, 0, '', 'Azmal', 'Ansari', 'azmal123', 'azmal123', 'admin@gmail.com', '46546', 'sfsfsdf sdefdsfs fsdf sdf', 'user2.jpg', 'male', '01/01/2022', 'single', '22', 'india', 'elhi', NULL, NULL, 1, NULL, NULL),
(2, 1, 0, '', 'Admin', 'Admin', 'admin', 'admin', 'admin123@gmail.com', '95822980123', 'delhi', '1724412456.png', 'male', '01/01/2022', 'single', '22', 'india', 'delhi', '6ef5a86a72d307d9d2df14306a26534f64236ca1887fb9ba0cff55e6e0a26390', '2024-08-30 13:34:00', 1, NULL, NULL),
(3, 1, 0, '', 'Wolverine', 'logen', 'azmal', 'azmal', 'wolverine@gmail.com', '897989', 'sfsfsdf sdefdsfs fsdf sdf', 'user3.jpg', 'male', '01/01/2022', 'single', '22', 'india', 'delhi', NULL, NULL, 1, NULL, NULL),
(4, 2, 8, '{\"main_access\":[\"0\",\"1\",\"2\"],\"inner_access\":[[\"1\",\"2\",\"3\",\"4\"],[\"1\"],[\"4\"],[]]}', '', '', 'azmal12345', 'azmal12345', '', '', '', '', '', '', '', '', '', '', NULL, NULL, 1, '2024-08-24 17:23:45', '2024-08-24 17:27:51');

-- --------------------------------------------------------

--
-- Table structure for table `testimonials`
--

CREATE TABLE `testimonials` (
  `id` int(11) NOT NULL,
  `image` text NOT NULL,
  `name` text NOT NULL,
  `position` text NOT NULL,
  `content` text NOT NULL,
  `status` int(11) NOT NULL,
  `addeddate` datetime NOT NULL,
  `modifieddate` datetime NOT NULL
) ENGINE=InnoDB DEFAULT CHARSET=utf8mb4 COLLATE=utf8mb4_general_ci;

--
-- Dumping data for table `testimonials`
--

INSERT INTO `testimonials` (`id`, `image`, `name`, `position`, `content`, `status`, `addeddate`, `modifieddate`) VALUES
(1, '1724503044.png', 'Spiderman', 'Client', '<p>Hello</p>', 1, '2024-08-24 18:07:24', '2024-08-24 18:08:27');

-- --------------------------------------------------------

--
-- Table structure for table `users`
--

CREATE TABLE `users` (
  `id` int(11) NOT NULL,
  `user_id` bigint(20) NOT NULL,
  `role` int(10) NOT NULL COMMENT '\r\n1=user',
  `wallet` float NOT NULL,
  `name` varchar(50) NOT NULL,
  `mobile` varchar(15) NOT NULL,
  `email` varchar(100) DEFAULT NULL,
  `password` varchar(20) NOT NULL,
  `profile_image` text NOT NULL,
  `address` text NOT NULL,
  `state` text DEFAULT NULL,
  `city` text DEFAULT NULL,
  `locality` text NOT NULL,
  `pin` text NOT NULL,
  `date_time` datetime NOT NULL,
  `status` int(10) NOT NULL
) ENGINE=InnoDB DEFAULT CHARSET=utf8mb4 COLLATE=utf8mb4_general_ci;

--
-- Dumping data for table `users`
--

INSERT INTO `users` (`id`, `user_id`, `role`, `wallet`, `name`, `mobile`, `email`, `password`, `profile_image`, `address`, `state`, `city`, `locality`, `pin`, `date_time`, `status`) VALUES
(37, 1000, 1, 0, 'Azmal', '1235467890', 'example@gmail.com', '123456', '', '', NULL, NULL, '', '', '2024-11-05 12:43:30', 1);

-- --------------------------------------------------------

--
-- Table structure for table `user_history`
--

CREATE TABLE `user_history` (
  `id` int(11) NOT NULL,
  `user_id` bigint(20) NOT NULL,
  `request_id` text NOT NULL,
  `join_id` int(10) NOT NULL,
  `type2` int(1) NOT NULL COMMENT '1=add money',
  `amount` float NOT NULL,
  `balance` float NOT NULL,
  `type` varchar(50) NOT NULL,
  `message` text NOT NULL,
  `recharge_type` int(10) NOT NULL,
  `date_time` datetime NOT NULL,
  `add_date_time` datetime DEFAULT NULL,
  `update_date_time` datetime DEFAULT NULL,
  `update_history` text DEFAULT NULL,
  `slug` text DEFAULT NULL,
  `is_delete` int(2) DEFAULT NULL,
  `status` int(2) DEFAULT NULL,
  `reject_reason` text NOT NULL
) ENGINE=InnoDB DEFAULT CHARSET=utf8 COLLATE=utf8_unicode_ci;

-- --------------------------------------------------------

--
-- Table structure for table `user_temp_register`
--

CREATE TABLE `user_temp_register` (
  `id` int(11) NOT NULL,
  `role` int(11) NOT NULL,
  `otp` varchar(10) NOT NULL,
  `image` text NOT NULL,
  `name` varchar(50) NOT NULL,
  `email` varchar(20) NOT NULL,
  `mobile` varchar(12) NOT NULL,
  `password` text NOT NULL,
  `state` text NOT NULL,
  `city` varchar(20) NOT NULL,
  `pincode` varchar(20) NOT NULL,
  `gender` text NOT NULL,
  `status` int(11) NOT NULL COMMENT '0=pending\r\n1=ok\r\n2=reject',
  `ip_address` text NOT NULL,
  `addeddate` datetime NOT NULL
) ENGINE=InnoDB DEFAULT CHARSET=utf8mb4 COLLATE=utf8mb4_unicode_ci;

--
-- Indexes for dumped tables
--

--
-- Indexes for table `city`
--
ALTER TABLE `city`
  ADD PRIMARY KEY (`id`);

--
-- Indexes for table `color`
--
ALTER TABLE `color`
  ADD PRIMARY KEY (`id`);

--
-- Indexes for table `contact`
--
ALTER TABLE `contact`
  ADD PRIMARY KEY (`id`);

--
-- Indexes for table `coupen_code`
--
ALTER TABLE `coupen_code`
  ADD PRIMARY KEY (`id`);

--
-- Indexes for table `coupen_product_wise`
--
ALTER TABLE `coupen_product_wise`
  ADD PRIMARY KEY (`id`);

--
-- Indexes for table `game`
--
ALTER TABLE `game`
  ADD PRIMARY KEY (`id`);

--
-- Indexes for table `login_details`
--
ALTER TABLE `login_details`
  ADD PRIMARY KEY (`id`);

--
-- Indexes for table `login_history`
--
ALTER TABLE `login_history`
  ADD PRIMARY KEY (`id`);

--
-- Indexes for table `meta_tags`
--
ALTER TABLE `meta_tags`
  ADD PRIMARY KEY (`id`);

--
-- Indexes for table `multipleimage`
--
ALTER TABLE `multipleimage`
  ADD PRIMARY KEY (`id`);

--
-- Indexes for table `notification`
--
ALTER TABLE `notification`
  ADD PRIMARY KEY (`id`);

--
-- Indexes for table `role`
--
ALTER TABLE `role`
  ADD PRIMARY KEY (`id`);

--
-- Indexes for table `site_setting`
--
ALTER TABLE `site_setting`
  ADD PRIMARY KEY (`id`);

--
-- Indexes for table `slider`
--
ALTER TABLE `slider`
  ADD PRIMARY KEY (`id`);

--
-- Indexes for table `slugs`
--
ALTER TABLE `slugs`
  ADD PRIMARY KEY (`id`);

--
-- Indexes for table `state`
--
ALTER TABLE `state`
  ADD PRIMARY KEY (`id`);

--
-- Indexes for table `tbl_admin`
--
ALTER TABLE `tbl_admin`
  ADD PRIMARY KEY (`id`);

--
-- Indexes for table `testimonials`
--
ALTER TABLE `testimonials`
  ADD PRIMARY KEY (`id`);

--
-- Indexes for table `users`
--
ALTER TABLE `users`
  ADD PRIMARY KEY (`id`);

--
-- Indexes for table `user_history`
--
ALTER TABLE `user_history`
  ADD PRIMARY KEY (`id`);

--
-- Indexes for table `user_temp_register`
--
ALTER TABLE `user_temp_register`
  ADD PRIMARY KEY (`id`);

--
-- AUTO_INCREMENT for dumped tables
--

--
-- AUTO_INCREMENT for table `city`
--
ALTER TABLE `city`
  MODIFY `id` int(11) NOT NULL AUTO_INCREMENT, AUTO_INCREMENT=604;

--
-- AUTO_INCREMENT for table `color`
--
ALTER TABLE `color`
  MODIFY `id` int(11) NOT NULL AUTO_INCREMENT, AUTO_INCREMENT=34;

--
-- AUTO_INCREMENT for table `contact`
--
ALTER TABLE `contact`
  MODIFY `id` int(11) NOT NULL AUTO_INCREMENT, AUTO_INCREMENT=5;

--
-- AUTO_INCREMENT for table `coupen_code`
--
ALTER TABLE `coupen_code`
  MODIFY `id` int(11) NOT NULL AUTO_INCREMENT, AUTO_INCREMENT=15;

--
-- AUTO_INCREMENT for table `coupen_product_wise`
--
ALTER TABLE `coupen_product_wise`
  MODIFY `id` int(11) NOT NULL AUTO_INCREMENT, AUTO_INCREMENT=177;

--
-- AUTO_INCREMENT for table `game`
--
ALTER TABLE `game`
  MODIFY `id` int(11) NOT NULL AUTO_INCREMENT, AUTO_INCREMENT=5;

--
-- AUTO_INCREMENT for table `login_details`
--
ALTER TABLE `login_details`
  MODIFY `id` int(11) NOT NULL AUTO_INCREMENT, AUTO_INCREMENT=32;

--
-- AUTO_INCREMENT for table `login_history`
--
ALTER TABLE `login_history`
  MODIFY `id` int(11) NOT NULL AUTO_INCREMENT, AUTO_INCREMENT=67;

--
-- AUTO_INCREMENT for table `meta_tags`
--
ALTER TABLE `meta_tags`
  MODIFY `id` int(11) NOT NULL AUTO_INCREMENT, AUTO_INCREMENT=87;

--
-- AUTO_INCREMENT for table `multipleimage`
--
ALTER TABLE `multipleimage`
  MODIFY `id` int(11) NOT NULL AUTO_INCREMENT, AUTO_INCREMENT=32;

--
-- AUTO_INCREMENT for table `notification`
--
ALTER TABLE `notification`
  MODIFY `id` int(11) NOT NULL AUTO_INCREMENT, AUTO_INCREMENT=4;

--
-- AUTO_INCREMENT for table `role`
--
ALTER TABLE `role`
  MODIFY `id` int(11) NOT NULL AUTO_INCREMENT, AUTO_INCREMENT=9;

--
-- AUTO_INCREMENT for table `site_setting`
--
ALTER TABLE `site_setting`
  MODIFY `id` int(11) NOT NULL AUTO_INCREMENT, AUTO_INCREMENT=2;

--
-- AUTO_INCREMENT for table `slider`
--
ALTER TABLE `slider`
  MODIFY `id` int(11) NOT NULL AUTO_INCREMENT, AUTO_INCREMENT=7;

--
-- AUTO_INCREMENT for table `slugs`
--
ALTER TABLE `slugs`
  MODIFY `id` int(11) NOT NULL AUTO_INCREMENT, AUTO_INCREMENT=368;

--
-- AUTO_INCREMENT for table `state`
--
ALTER TABLE `state`
  MODIFY `id` int(11) NOT NULL AUTO_INCREMENT, AUTO_INCREMENT=36;

--
-- AUTO_INCREMENT for table `tbl_admin`
--
ALTER TABLE `tbl_admin`
  MODIFY `id` int(11) NOT NULL AUTO_INCREMENT, AUTO_INCREMENT=5;

--
-- AUTO_INCREMENT for table `testimonials`
--
ALTER TABLE `testimonials`
  MODIFY `id` int(11) NOT NULL AUTO_INCREMENT, AUTO_INCREMENT=2;

--
-- AUTO_INCREMENT for table `users`
--
ALTER TABLE `users`
  MODIFY `id` int(11) NOT NULL AUTO_INCREMENT, AUTO_INCREMENT=38;

--
-- AUTO_INCREMENT for table `user_history`
--
ALTER TABLE `user_history`
  MODIFY `id` int(11) NOT NULL AUTO_INCREMENT, AUTO_INCREMENT=32;

--
-- AUTO_INCREMENT for table `user_temp_register`
--
ALTER TABLE `user_temp_register`
  MODIFY `id` int(11) NOT NULL AUTO_INCREMENT, AUTO_INCREMENT=3;
COMMIT;

/*!40101 SET CHARACTER_SET_CLIENT=@OLD_CHARACTER_SET_CLIENT */;
/*!40101 SET CHARACTER_SET_RESULTS=@OLD_CHARACTER_SET_RESULTS */;
/*!40101 SET COLLATION_CONNECTION=@OLD_COLLATION_CONNECTION */;
